,Probe_ID,statistic,pvalue,adj_p_value
544,210107_at,11.15445596,4.21E-12,6.24E-09
922,223597_at,9.760621989,6.17E-11,9.13E-08
1079,227725_at,7.432790008,1.22E-06,1.65E-03
1094,228004_at,7.316920327,3.05E-08,4.39E-05
1277,232707_at,7.216223476,2.63E-07,3.67E-04
826,219955_at,7.067899401,6.09E-08,8.70E-05
1361,236894_at,7.049964318,9.19E-08,1.30E-04
844,220234_at,6.980726443,6.64E-08,9.46E-05
139,203240_at,6.818014095,1.14E-05,1.43E-02
683,214142_at,6.589254633,3.26E-07,4.55E-04
65,1559538_at,6.390745608,1.11E-06,1.51E-03
427,206664_at,6.087685625,8.85E-07,1.21E-03
391,206198_s_at,6.025796522,1.01E-06,1.38E-03
71,1561387_a_at,5.96611424,1.73E-06,2.32E-03
457,207245_at,5.955190146,2.13E-06,2.85E-03
183,204179_at,5.953528945,1.78E-06,2.39E-03
1448,242601_at,5.917575178,8.11E-06,1.03E-02
469,207601_at,5.913920503,4.23E-06,5.53E-03
325,205554_s_at,5.89594149,1.55E-06,2.09E-03
881,221874_at,5.8868743,1.07E-05,1.34E-02
350,205815_at,5.848309181,1.70E-06,2.28E-03
17,1553828_at,5.831278636,1.79E-05,2.19E-02
601,211848_s_at,5.788675517,2.09E-06,2.80E-03
942,223970_at,5.775135318,2.30E-06,3.06E-03
230,204673_at,5.629313553,4.69E-05,5.48E-02
685,214156_at,5.615671513,5.12E-06,6.65E-03
450,207074_s_at,5.554573574,4.20E-06,5.50E-03
1210,230560_at,5.534548583,2.30E-05,2.79E-02
444,207003_at,5.519948174,4.66E-06,6.07E-03
997,226248_s_at,5.513167568,6.44E-05,7.35E-02
834,220026_at,5.455296958,7.18E-06,9.23E-03
341,205776_at,5.423762037,9.88E-06,1.25E-02
1377,238143_at,5.392389091,3.64E-05,4.30E-02
837,220075_s_at,5.325558452,7.89E-06,1.01E-02
853,220622_at,5.292434872,3.48E-05,4.12E-02
689,214261_s_at,5.240356517,1.13E-05,1.42E-02
527,209844_at,5.220233231,1.33E-05,1.65E-02
392,206199_at,5.143396762,4.50E-05,5.27E-02
401,206262_at,5.132945185,1.38E-05,1.71E-02
941,223969_s_at,5.086116647,1.55E-05,1.91E-02
851,220421_at,5.060454163,1.70E-05,2.09E-02
1044,227226_at,5.040682601,1.94E-04,2.06E-01
857,220723_s_at,4.921841977,3.29E-05,3.90E-02
850,220376_at,4.900232721,2.35E-04,2.47E-01
1213,230615_at,4.804346546,3.73E-05,4.39E-02
472,207814_at,4.784337791,3.77E-05,4.44E-02
1061,227506_at,4.772636729,1.18E-04,1.29E-01
454,207214_at,4.7312447,3.47E-04,3.54E-01
855,220645_at,4.729551731,7.54E-05,8.56E-02
467,207529_at,4.723308053,4.51E-05,5.27E-02
476,208063_s_at,4.688993449,8.83E-05,9.93E-02
870,221305_s_at,4.662348926,6.02E-05,6.90E-02
1337,236037_at,4.660454773,5.35E-05,6.20E-02
861,220834_at,4.593688755,9.19E-05,1.03E-01
310,205472_s_at,4.582781764,1.28E-04,1.40E-01
1412,240422_at,4.578968627,7.16E-05,8.14E-02
570,210641_at,4.539902477,8.43E-05,9.50E-02
1422,241547_at,4.520693667,1.61E-04,1.73E-01
858,220724_at,4.491873557,8.87E-05,9.95E-02
397,206209_s_at,4.484815739,1.52E-04,1.64E-01
1074,227676_at,4.462845704,7.14E-04,6.86E-01
365,205942_s_at,4.455650016,1.08E-04,1.20E-01
468,207544_s_at,4.450737598,1.05E-04,1.17E-01
562,210377_at,4.450680666,1.11E-04,1.23E-01
351,205825_at,4.446383991,1.07E-04,1.19E-01
396,206208_at,4.381287057,1.21E-04,1.33E-01
462,207392_x_at,4.348619374,2.32E-04,2.44E-01
1388,238750_at,4.348276314,5.33E-04,5.30E-01
1343,236225_at,4.332645651,3.43E-04,3.50E-01
1439,242098_at,4.309140051,1.52E-04,1.64E-01
458,207249_s_at,4.28729399,2.38E-04,2.49E-01
1111,228338_at,4.278947469,3.85E-04,3.90E-01
372,206000_at,4.268043441,1.08E-03,9.93E-01
1237,231439_at,4.267142167,4.99E-04,4.98E-01
723,215125_s_at,4.211232133,5.02E-04,4.99E-01
1266,232481_s_at,4.169419129,2.24E-04,2.36E-01
78,1568634_a_at,4.137712655,5.33E-04,5.30E-01
1336,235976_at,4.104886091,2.67E-04,2.77E-01
1333,235892_at,4.101714602,3.32E-04,3.40E-01
405,206307_s_at,4.04468978,3.15E-04,3.23E-01
1350,236430_at,4.006966372,4.94E-04,4.94E-01
806,219727_at,3.999039223,8.28E-04,7.84E-01
1256,232176_at,3.984216816,3.67E-04,3.73E-01
1390,238846_at,3.973773445,1.19E-03,1.00E+00
26,1554436_a_at,3.930429466,2.09E-03,1.00E+00
486,208596_s_at,3.877049997,1.17E-03,1.00E+00
169,203924_at,3.860723389,6.18E-04,6.01E-01
36,1555175_a_at,3.859719323,5.44E-04,5.38E-01
1287,233371_at,3.85461349,5.34E-04,5.30E-01
1106,228241_at,3.839378069,3.36E-03,1.00E+00
72,1562921_at,3.81259556,8.72E-04,8.20E-01
1249,232054_at,3.797908411,6.76E-04,6.51E-01
1414,240856_at,3.796702062,9.61E-04,8.95E-01
1368,237521_x_at,3.787535716,2.50E-03,1.00E+00
184,204213_at,3.759546791,1.81E-03,1.00E+00
1140,228915_at,3.756177931,1.16E-03,1.00E+00
1146,229070_at,3.704614231,1.95E-03,1.00E+00
83,1569582_at,3.70208785,8.91E-04,8.37E-01
915,223447_at,3.654118574,3.86E-03,1.00E+00
423,206619_at,3.643893818,9.75E-04,9.06E-01
1359,236840_at,3.5987504,1.10E-03,1.00E+00
1081,227735_s_at,3.596302364,2.12E-03,1.00E+00
1428,241801_at,3.585338108,2.38E-03,1.00E+00
1387,238632_at,3.579802054,1.94E-03,1.00E+00
81,1569433_at,3.566999252,1.43E-03,1.00E+00
1416,241031_at,3.563388928,2.87E-03,1.00E+00
1082,227736_at,3.530640907,2.98E-03,1.00E+00
930,223704_s_at,3.525136338,1.30E-03,1.00E+00
1310,235210_s_at,3.519368749,1.58E-03,1.00E+00
385,206143_at,3.508209684,1.98E-03,1.00E+00
1309,235209_at,3.485955632,1.71E-03,1.00E+00
1127,228653_at,3.450798292,3.07E-03,1.00E+00
1278,232737_s_at,3.425874092,1.70E-03,1.00E+00
9,1552834_at,3.397953359,3.26E-03,1.00E+00
480,208250_s_at,3.38970459,2.97E-03,1.00E+00
1168,229546_at,3.367718232,4.90E-03,1.00E+00
436,206797_at,3.358113689,4.70E-03,1.00E+00
1367,237515_at,3.344188906,2.39E-03,1.00E+00
1378,238378_at,3.33833533,2.22E-03,1.00E+00
599,211766_s_at,3.331559969,2.44E-03,1.00E+00
1121,228494_at,3.306042128,3.74E-03,1.00E+00
167,203908_at,3.300072068,4.11E-03,1.00E+00
948,224355_s_at,3.276816649,3.66E-03,1.00E+00
1435,241994_at,3.25797338,4.47E-03,1.00E+00
825,219948_x_at,3.257674312,2.70E-03,1.00E+00
482,208343_s_at,3.234763829,3.47E-03,1.00E+00
1450,242626_at,3.214902048,4.89E-03,1.00E+00
1471,244386_at,3.202672758,3.08E-03,1.00E+00
1442,242344_at,3.159634369,3.45E-03,1.00E+00
447,207033_at,3.140210372,3.78E-03,1.00E+00
497,209301_at,3.135618015,3.86E-03,1.00E+00
1294,233772_at,3.132821397,4.17E-03,1.00E+00
766,217590_s_at,3.130348479,5.60E-03,1.00E+00
519,209752_at,3.124851706,6.92E-03,1.00E+00
386,206149_at,3.119569043,4.96E-03,1.00E+00
653,213695_at,3.119036476,5.35E-03,1.00E+00
823,219937_at,3.086891817,4.16E-03,1.00E+00
24,1554375_a_at,3.083407121,4.30E-03,1.00E+00
1267,232504_at,3.082726349,5.42E-03,1.00E+00
152,203691_at,3.06446353,6.93E-03,1.00E+00
367,205950_s_at,3.048495478,5.40E-03,1.00E+00
408,206340_at,3.040106683,4.85E-03,1.00E+00
1438,242093_at,3.003329797,8.92E-03,1.00E+00
1436,242002_at,3.001323409,5.39E-03,1.00E+00
4,1552502_s_at,2.998416474,7.95E-03,1.00E+00
433,206784_at,2.983814172,5.49E-03,1.00E+00
839,220110_s_at,2.982003643,5.46E-03,1.00E+00
403,206286_s_at,2.970292486,1.24E-02,1.00E+00
370,205983_at,2.959572521,9.08E-03,1.00E+00
1155,229254_at,2.950451009,8.81E-03,1.00E+00
722,215118_s_at,2.93640943,6.71E-03,1.00E+00
650,213558_at,2.906475972,7.28E-03,1.00E+00
737,215657_at,2.898576376,6.72E-03,1.00E+00
75,1567183_s_at,2.893994186,6.80E-03,1.00E+00
672,213954_at,2.879663184,8.22E-03,1.00E+00
1201,230238_at,2.873686154,1.44E-02,1.00E+00
756,217109_at,2.865092846,1.66E-02,1.00E+00
463,207397_s_at,2.854886696,7.67E-03,1.00E+00
419,206561_s_at,2.828077386,1.30E-02,1.00E+00
564,210393_at,2.824441568,1.12E-02,1.00E+00
1447,242586_at,2.81160087,9.33E-03,1.00E+00
1059,227498_at,2.809415167,8.70E-03,1.00E+00
1178,229659_s_at,2.80229535,1.69E-02,1.00E+00
1376,238103_at,2.793997386,1.71E-02,1.00E+00
35,1555019_at,2.793238914,9.66E-03,1.00E+00
369,205979_at,2.785190663,1.34E-02,1.00E+00
1481,41469_at,2.776545446,1.31E-02,1.00E+00
1070,227629_at,2.759467223,1.62E-02,1.00E+00
3,1552367_a_at,2.749684248,1.23E-02,1.00E+00
246,204818_at,2.735537501,1.28E-02,1.00E+00
1012,226654_at,2.729221667,1.54E-02,1.00E+00
639,213369_at,2.718124566,1.37E-02,1.00E+00
1296,234632_x_at,2.706730387,1.09E-02,1.00E+00
1235,231250_at,2.683154357,1.82E-02,1.00E+00
1458,243018_at,2.672343503,1.49E-02,1.00E+00
540,209993_at,2.648198301,1.70E-02,1.00E+00
402,206268_at,2.638407107,1.98E-02,1.00E+00
1214,230650_at,2.611720135,1.46E-02,1.00E+00
195,204304_s_at,2.581334504,2.37E-02,1.00E+00
251,204895_x_at,2.568002836,2.61E-02,1.00E+00
1301,235048_at,2.554679724,2.20E-02,1.00E+00
621,212850_s_at,2.552338437,2.22E-02,1.00E+00
1305,235147_at,2.545817392,2.59E-02,1.00E+00
946,224221_s_at,2.545813074,2.32E-02,1.00E+00
664,213880_at,2.533858032,2.38E-02,1.00E+00
952,224412_s_at,2.529161632,1.79E-02,1.00E+00
432,206755_at,2.484303663,2.26E-02,1.00E+00
849,220310_at,2.462573043,2.11E-02,1.00E+00
945,224027_at,2.432677288,2.82E-02,1.00E+00
765,217564_s_at,2.421850446,2.15E-02,1.00E+00
757,217110_s_at,2.411745567,3.47E-02,1.00E+00
1179,229667_s_at,2.409234822,2.45E-02,1.00E+00
190,204260_at,2.370087196,2.42E-02,1.00E+00
254,204920_at,2.366880355,2.42E-02,1.00E+00
159,203860_at,2.361912132,3.33E-02,1.00E+00
1085,227803_at,2.361436487,3.56E-02,1.00E+00
460,207259_at,2.354523556,3.13E-02,1.00E+00
359,205886_at,2.352067501,2.94E-02,1.00E+00
236,204724_s_at,2.344312412,2.61E-02,1.00E+00
1076,227702_at,2.333073252,2.94E-02,1.00E+00
452,207200_at,2.298111498,2.83E-02,1.00E+00
76,1568603_at,2.284548465,4.05E-02,1.00E+00
992,226147_s_at,2.283088774,4.58E-02,1.00E+00
280,205185_at,2.272764309,3.16E-02,1.00E+00
1212,230573_at,2.24872607,3.19E-02,1.00E+00
11,1552870_s_at,2.247100472,3.42E-02,1.00E+00
1096,228038_at,2.23726366,3.31E-02,1.00E+00
587,211357_s_at,2.232690625,4.31E-02,1.00E+00
485,208473_s_at,2.231294337,3.36E-02,1.00E+00
1415,241017_at,2.216349458,3.60E-02,1.00E+00
690,214324_at,2.214421219,3.43E-02,1.00E+00
618,212768_s_at,2.213594066,4.72E-02,1.00E+00
459,207251_at,2.197027913,3.54E-02,1.00E+00
165,203892_at,2.164358524,4.18E-02,1.00E+00
1410,240110_at,2.136254567,4.13E-02,1.00E+00
1284,233059_at,2.112413429,4.28E-02,1.00E+00
360,205892_s_at,2.109305231,6.03E-02,1.00E+00
77,1568604_a_at,2.108497292,5.81E-02,1.00E+00
269,205054_at,2.103051191,4.39E-02,1.00E+00
828,219970_at,2.100829815,5.67E-02,1.00E+00
1330,235780_at,2.100736895,4.81E-02,1.00E+00
1409,240042_at,2.094886313,4.80E-02,1.00E+00
1395,238984_at,2.070572361,5.56E-02,1.00E+00
541,209994_s_at,2.050857631,5.34E-02,1.00E+00
620,212806_at,2.04280996,5.91E-02,1.00E+00
586,211207_s_at,2.036567751,5.30E-02,1.00E+00
453,207202_s_at,2.027609587,6.65E-02,1.00E+00
513,209631_s_at,2.022927228,5.21E-02,1.00E+00
1050,227318_at,2.00628095,5.35E-02,1.00E+00
1329,235763_at,1.980279751,6.63E-02,1.00E+00
572,210650_s_at,1.972198492,5.79E-02,1.00E+00
1225,230964_at,1.963836668,5.86E-02,1.00E+00
1041,227174_at,1.958317971,6.37E-02,1.00E+00
1352,236548_at,1.955945541,6.98E-02,1.00E+00
1032,227048_at,1.951368563,6.15E-02,1.00E+00
760,217238_s_at,1.925106673,7.48E-02,1.00E+00
166,203896_s_at,1.918529672,7.77E-02,1.00E+00
14,1553319_at,1.910713904,7.01E-02,1.00E+00
920,223551_at,1.892401579,7.44E-02,1.00E+00
645,213456_at,1.888169838,7.58E-02,1.00E+00
734,215591_at,1.879153719,8.17E-02,1.00E+00
1029,226926_at,1.874735197,8.21E-02,1.00E+00
2,1552365_at,1.864195766,7.95E-02,1.00E+00
232,204705_x_at,1.862410422,8.09E-02,1.00E+00
455,207217_s_at,1.848170803,9.09E-02,1.00E+00
1375,238022_at,1.830631021,8.53E-02,1.00E+00
410,206418_at,1.820017972,9.49E-02,1.00E+00
856,220655_at,1.81345393,8.23E-02,1.00E+00
362,205916_at,1.810236568,8.02E-02,1.00E+00
387,206153_at,1.80863543,8.91E-02,1.00E+00
1078,227719_at,1.808596057,8.22E-02,1.00E+00
294,205311_at,1.808518319,9.87E-02,1.00E+00
1304,235104_at,1.801989388,8.65E-02,1.00E+00
1357,236741_at,1.79369326,8.62E-02,1.00E+00
428,206693_at,1.786242275,9.49E-02,1.00E+00
1363,236918_s_at,1.780507151,8.48E-02,1.00E+00
1466,244042_x_at,1.771032225,8.74E-02,1.00E+00
761,217320_at,1.747779321,9.88E-02,1.00E+00
1129,228708_at,1.740455396,1.08E-01,1.00E+00
1181,229725_at,1.739162497,9.64E-02,1.00E+00
1374,238021_s_at,1.733578101,1.04E-01,1.00E+00
907,222925_at,1.731080257,9.43E-02,1.00E+00
1405,239697_x_at,1.725419264,9.51E-02,1.00E+00
643,213432_at,1.714438603,1.10E-01,1.00E+00
1275,232656_at,1.694894693,1.07E-01,1.00E+00
63,1559419_at,1.678846681,1.11E-01,1.00E+00
932,223721_s_at,1.66612718,1.16E-01,1.00E+00
590,211478_s_at,1.655653854,1.15E-01,1.00E+00
1288,233413_at,1.630535303,1.22E-01,1.00E+00
223,204607_at,1.625843861,1.27E-01,1.00E+00
1043,227194_at,1.617420587,1.23E-01,1.00E+00
860,220812_s_at,1.612285074,1.28E-01,1.00E+00
1404,239591_at,1.601675573,1.22E-01,1.00E+00
738,215702_s_at,1.599044543,1.30E-01,1.00E+00
919,223535_at,1.593459218,1.26E-01,1.00E+00
1188,229839_at,1.588670241,1.34E-01,1.00E+00
740,215894_at,1.58703541,1.23E-01,1.00E+00
772,218002_s_at,1.585301225,1.31E-01,1.00E+00
1057,227462_at,1.582032789,1.31E-01,1.00E+00
1018,226766_at,1.575859569,1.25E-01,1.00E+00
334,205680_at,1.559779838,1.32E-01,1.00E+00
940,223952_x_at,1.552516474,1.37E-01,1.00E+00
478,208126_s_at,1.549245594,1.46E-01,1.00E+00
347,205799_s_at,1.534307239,1.48E-01,1.00E+00
1222,230784_at,1.526774958,1.41E-01,1.00E+00
944,224009_x_at,1.49845287,1.48E-01,1.00E+00
13,1553296_at,1.477192657,1.57E-01,1.00E+00
301,205373_at,1.476927232,1.50E-01,1.00E+00
628,213094_at,1.474436932,1.69E-01,1.00E+00
413,206442_at,1.473406018,1.53E-01,1.00E+00
47,1555963_x_at,1.464422103,1.60E-01,1.00E+00
130,202965_s_at,1.462808475,1.54E-01,1.00E+00
316,205513_at,1.448691219,1.71E-01,1.00E+00
830,219987_at,1.44390204,1.64E-01,1.00E+00
32,1554781_at,1.438477019,1.65E-01,1.00E+00
808,219759_at,1.429342837,1.71E-01,1.00E+00
8,1552797_s_at,1.425813406,1.76E-01,1.00E+00
835,220051_at,1.415677263,1.67E-01,1.00E+00
552,210147_at,1.413850522,1.74E-01,1.00E+00
448,207052_at,1.412912664,1.68E-01,1.00E+00
1060,227499_at,1.40057663,1.83E-01,1.00E+00
106,202203_s_at,1.365357334,1.97E-01,1.00E+00
1473,244567_at,1.350318162,1.88E-01,1.00E+00
1242,231814_at,1.34592204,2.01E-01,1.00E+00
1468,244107_at,1.345354467,1.90E-01,1.00E+00
150,203619_s_at,1.341979956,1.94E-01,1.00E+00
1184,229797_at,1.339639277,1.90E-01,1.00E+00
777,218625_at,1.331045421,1.93E-01,1.00E+00
1105,228233_at,1.330809121,1.95E-01,1.00E+00
654,213714_at,1.320656947,2.09E-01,1.00E+00
1259,232277_at,1.319874734,2.09E-01,1.00E+00
154,203697_at,1.30029648,2.04E-01,1.00E+00
854,220639_at,1.265395796,2.18E-01,1.00E+00
390,206172_at,1.259260064,2.20E-01,1.00E+00
82,1569532_a_at,1.257809001,2.21E-01,1.00E+00
1407,239884_at,1.251496285,2.30E-01,1.00E+00
1187,229831_at,1.245435431,2.30E-01,1.00E+00
426,206641_at,1.243165278,2.27E-01,1.00E+00
1033,227051_at,1.230980676,2.40E-01,1.00E+00
1392,238878_at,1.228412076,2.30E-01,1.00E+00
50,1556194_a_at,1.206820553,2.40E-01,1.00E+00
1241,231786_at,1.183929387,2.49E-01,1.00E+00
45,1555890_at,1.174272725,2.59E-01,1.00E+00
404,206291_at,1.172738057,2.50E-01,1.00E+00
918,223509_at,1.169796209,2.58E-01,1.00E+00
30,1554726_at,1.14051253,2.66E-01,1.00E+00
972,225619_at,1.137356074,2.65E-01,1.00E+00
629,213110_s_at,1.115890068,2.77E-01,1.00E+00
172,203999_at,1.11496659,2.74E-01,1.00E+00
1246,231925_at,1.112067792,2.80E-01,1.00E+00
281,205199_at,1.106944976,2.87E-01,1.00E+00
49,1556054_at,1.097824992,2.86E-01,1.00E+00
1335,235947_at,1.085797927,2.92E-01,1.00E+00
1055,227450_at,1.075726204,3.00E-01,1.00E+00
235,204720_s_at,1.061213326,2.98E-01,1.00E+00
569,210619_s_at,1.059910691,3.06E-01,1.00E+00
1318,235515_at,1.048335373,3.07E-01,1.00E+00
871,221345_at,1.045942323,3.05E-01,1.00E+00
42,1555772_a_at,1.045622775,3.12E-01,1.00E+00
814,219795_at,1.038253778,3.23E-01,1.00E+00
557,210258_at,1.037341993,3.09E-01,1.00E+00
545,210118_s_at,1.036491671,3.17E-01,1.00E+00
1273,232618_at,1.0308021,3.16E-01,1.00E+00
1423,241703_at,1.01686159,3.20E-01,1.00E+00
901,222771_s_at,1.014722895,3.22E-01,1.00E+00
525,209821_at,1.007065383,3.29E-01,1.00E+00
1151,229215_at,1.001536034,3.34E-01,1.00E+00
308,205440_s_at,0.996822366,3.31E-01,1.00E+00
498,209309_at,0.987259632,3.41E-01,1.00E+00
1276,232676_x_at,0.98676594,3.36E-01,1.00E+00
721,215103_at,0.979750328,3.43E-01,1.00E+00
745,216255_s_at,0.979407641,3.40E-01,1.00E+00
382,206104_at,0.976829069,3.42E-01,1.00E+00
1173,229613_at,0.910376606,3.75E-01,1.00E+00
876,221728_x_at,0.901710818,3.79E-01,1.00E+00
1297,234640_x_at,0.887167997,3.84E-01,1.00E+00
578,210861_s_at,0.881529787,3.87E-01,1.00E+00
534,209942_x_at,0.877253016,3.88E-01,1.00E+00
752,216627_s_at,0.871163052,3.95E-01,1.00E+00
638,213325_at,0.841937206,4.09E-01,1.00E+00
266,205009_at,0.838954213,4.17E-01,1.00E+00
377,206033_s_at,0.838180898,4.10E-01,1.00E+00
524,209811_at,0.83287886,4.20E-01,1.00E+00
715,215028_at,0.831997672,4.13E-01,1.00E+00
1176,229638_at,0.826441724,4.19E-01,1.00E+00
278,205174_s_at,0.797538061,4.34E-01,1.00E+00
293,205295_at,0.790370564,4.38E-01,1.00E+00
1191,229963_at,0.789082941,4.38E-01,1.00E+00
691,214382_at,0.788310465,4.42E-01,1.00E+00
900,222731_at,0.777705319,4.47E-01,1.00E+00
651,213674_x_at,0.767326985,4.49E-01,1.00E+00
1204,230360_at,0.76713584,4.49E-01,1.00E+00
1370,237727_at,0.766021035,4.51E-01,1.00E+00
363,205927_s_at,0.744219483,4.71E-01,1.00E+00
1023,226809_at,0.720253791,4.81E-01,1.00E+00
1291,233604_at,0.717993958,4.87E-01,1.00E+00
955,224590_at,0.717080006,4.83E-01,1.00E+00
687,214218_s_at,0.716718745,4.83E-01,1.00E+00
831,220004_at,0.716481142,4.81E-01,1.00E+00
1229,231120_x_at,0.713846019,4.87E-01,1.00E+00
1073,227671_at,0.711361077,4.87E-01,1.00E+00
1419,241365_at,0.709979263,4.83E-01,1.00E+00
1360,236892_s_at,0.706980664,4.89E-01,1.00E+00
475,208025_s_at,0.687534398,4.99E-01,1.00E+00
1198,230135_at,0.683382891,5.05E-01,1.00E+00
1162,229400_at,0.675386781,5.04E-01,1.00E+00
255,204932_at,0.671519626,5.10E-01,1.00E+00
926,223642_at,0.659003217,5.20E-01,1.00E+00
286,205229_s_at,0.654512441,5.22E-01,1.00E+00
1090,227875_at,0.643787499,5.28E-01,1.00E+00
1143,228988_at,0.634005405,5.32E-01,1.00E+00
1469,244246_at,0.62830292,5.37E-01,1.00E+00
376,206032_at,0.612965649,5.46E-01,1.00E+00
373,206023_at,0.608177093,5.52E-01,1.00E+00
1373,238017_at,0.594385044,5.64E-01,1.00E+00
953,224588_at,0.585095397,5.66E-01,1.00E+00
23,1554242_a_at,0.577261171,5.71E-01,1.00E+00
445,207014_at,0.567092961,5.79E-01,1.00E+00
954,224589_at,0.56199162,5.82E-01,1.00E+00
879,221795_at,0.550482668,5.87E-01,1.00E+00
678,214043_at,0.550430645,5.87E-01,1.00E+00
931,223710_at,0.545674723,5.92E-01,1.00E+00
1202,230318_at,0.535852334,6.03E-01,1.00E+00
1482,44790_s_at,0.532256605,6.00E-01,1.00E+00
1054,227449_at,0.514480895,6.12E-01,1.00E+00
843,220177_s_at,0.509979045,6.20E-01,1.00E+00
1274,232628_at,0.507465874,6.19E-01,1.00E+00
332,205654_at,0.497676797,6.26E-01,1.00E+00
290,205267_at,0.495990722,6.27E-01,1.00E+00
256,204933_s_at,0.494892229,6.28E-01,1.00E+00
164,203889_at,0.489046909,6.28E-01,1.00E+00
483,208383_s_at,0.488750468,6.32E-01,1.00E+00
903,222853_at,0.477381932,6.41E-01,1.00E+00
1230,231152_at,0.464557205,6.48E-01,1.00E+00
80,1569110_x_at,0.463950875,6.49E-01,1.00E+00
998,226269_at,0.45661497,6.53E-01,1.00E+00
1295,233819_s_at,0.455588541,6.53E-01,1.00E+00
336,205694_at,0.449686205,6.56E-01,1.00E+00
859,220736_at,0.434617848,6.69E-01,1.00E+00
768,217678_at,0.43427403,6.72E-01,1.00E+00
780,218872_at,0.411369132,6.87E-01,1.00E+00
880,221796_at,0.410488641,6.86E-01,1.00E+00
792,219250_s_at,0.377042439,7.11E-01,1.00E+00
292,205278_at,0.368611962,7.17E-01,1.00E+00
59,1558217_at,0.358579131,7.25E-01,1.00E+00
61,1558930_at,0.339535881,7.38E-01,1.00E+00
781,218888_s_at,0.330242038,7.45E-01,1.00E+00
794,219312_s_at,0.327648713,7.45E-01,1.00E+00
682,214135_at,0.326259308,7.49E-01,1.00E+00
852,220446_s_at,0.310012105,7.60E-01,1.00E+00
1238,231484_at,0.284064153,7.79E-01,1.00E+00
395,206207_at,0.274131822,7.88E-01,1.00E+00
1480,39248_at,0.271004681,7.91E-01,1.00E+00
902,222774_s_at,0.268196894,7.92E-01,1.00E+00
807,219747_at,0.267844363,7.92E-01,1.00E+00
1203,230319_at,0.263767992,7.95E-01,1.00E+00
692,214385_s_at,0.260039717,7.98E-01,1.00E+00
477,208121_s_at,0.257558941,8.00E-01,1.00E+00
203,204410_at,0.240718635,8.12E-01,1.00E+00
1379,238429_at,0.238130654,8.13E-01,1.00E+00
1199,230147_at,0.230106132,8.22E-01,1.00E+00
788,219109_at,0.229910094,8.20E-01,1.00E+00
742,216039_at,0.228786811,8.23E-01,1.00E+00
928,223646_s_at,0.216683062,8.31E-01,1.00E+00
299,205343_at,0.208575768,8.38E-01,1.00E+00
820,219909_at,0.207016684,8.38E-01,1.00E+00
1158,229309_at,0.197000103,8.47E-01,1.00E+00
85,200952_s_at,0.196302787,8.47E-01,1.00E+00
1232,231180_at,0.192902834,8.49E-01,1.00E+00
1189,229927_at,0.190030041,8.52E-01,1.00E+00
509,209591_s_at,0.174061059,8.64E-01,1.00E+00
1289,233463_at,0.171553745,8.66E-01,1.00E+00
1258,232252_at,0.166611502,8.69E-01,1.00E+00
298,205342_s_at,0.159652106,8.75E-01,1.00E+00
466,207457_s_at,0.151633907,8.82E-01,1.00E+00
939,223949_at,0.144070094,8.88E-01,1.00E+00
866,221133_s_at,0.133492683,8.96E-01,1.00E+00
1371,237737_at,0.128736054,8.99E-01,1.00E+00
25,1554411_at,0.128009723,9.00E-01,1.00E+00
1355,236694_at,0.115319557,9.09E-01,1.00E+00
589,211470_s_at,0.113485525,9.11E-01,1.00E+00
921,223565_at,0.113277621,9.11E-01,1.00E+00
533,209937_at,0.110770374,9.13E-01,1.00E+00
676,214023_x_at,0.105450306,9.17E-01,1.00E+00
927,223645_s_at,0.09750027,9.23E-01,1.00E+00
950,224367_at,0.092589931,9.27E-01,1.00E+00
202,204409_s_at,0.092559941,9.27E-01,1.00E+00
865,221132_at,0.075116432,9.41E-01,1.00E+00
758,217143_s_at,0.074941624,9.41E-01,1.00E+00
891,222257_s_at,0.060841168,9.52E-01,1.00E+00
1251,232068_s_at,0.048637466,9.62E-01,1.00E+00
268,205048_s_at,0.032399539,9.75E-01,1.00E+00
227,204653_at,0.025324566,9.80E-01,1.00E+00
875,221690_s_at,0.024523193,9.81E-01,1.00E+00
1095,228010_at,0.024185985,9.81E-01,1.00E+00
934,223761_at,0.009439108,9.93E-01,1.00E+00
991,226145_s_at,-0.009577801,9.92E-01,1.00E+00
1028,226913_s_at,-0.011487209,9.91E-01,1.00E+00
1402,239579_at,-0.043448396,9.66E-01,1.00E+00
181,204105_s_at,-0.04560164,9.64E-01,1.00E+00
1221,230760_at,-0.045896883,9.64E-01,1.00E+00
1262,232321_at,-0.047843275,9.62E-01,1.00E+00
634,213172_at,-0.065466456,9.49E-01,1.00E+00
1271,232578_at,-0.085736761,9.33E-01,1.00E+00
827,219962_at,-0.110930925,9.13E-01,1.00E+00
821,219926_at,-0.116160038,9.09E-01,1.00E+00
764,217546_at,-0.120377997,9.05E-01,1.00E+00
44,1555867_at,-0.132772877,8.96E-01,1.00E+00
464,207412_x_at,-0.136326769,8.94E-01,1.00E+00
1308,235201_at,-0.137645861,8.92E-01,1.00E+00
361,205910_s_at,-0.150315166,8.83E-01,1.00E+00
156,203815_at,-0.154636752,8.79E-01,1.00E+00
399,206224_at,-0.16173897,8.73E-01,1.00E+00
109,202286_s_at,-0.175489538,8.63E-01,1.00E+00
714,215014_at,-0.180498433,8.59E-01,1.00E+00
681,214131_at,-0.189212398,8.52E-01,1.00E+00
565,210397_at,-0.192096004,8.50E-01,1.00E+00
1364,237086_at,-0.20489656,8.41E-01,1.00E+00
703,214768_x_at,-0.208417824,8.37E-01,1.00E+00
1005,226492_at,-0.219715559,8.28E-01,1.00E+00
504,209480_at,-0.231409188,8.21E-01,1.00E+00
518,209735_at,-0.242535218,8.11E-01,1.00E+00
267,205044_at,-0.255593002,8.03E-01,1.00E+00
73,1564220_a_at,-0.255660328,8.02E-01,1.00E+00
1058,227474_at,-0.257004093,8.00E-01,1.00E+00
84,1570482_at,-0.261078336,7.97E-01,1.00E+00
1434,241925_x_at,-0.266704079,7.92E-01,1.00E+00
784,218963_s_at,-0.273894046,7.88E-01,1.00E+00
18,1553970_s_at,-0.297333606,7.71E-01,1.00E+00
41,1555765_a_at,-0.301897934,7.66E-01,1.00E+00
1194,230003_at,-0.304818538,7.64E-01,1.00E+00
1093,227984_at,-0.311278357,7.60E-01,1.00E+00
126,202888_s_at,-0.312054298,7.57E-01,1.00E+00
296,205328_at,-0.313827072,7.58E-01,1.00E+00
16,1553808_a_at,-0.323995739,7.52E-01,1.00E+00
754,216829_at,-0.325044118,7.50E-01,1.00E+00
550,210145_at,-0.326484009,7.48E-01,1.00E+00
836,220065_at,-0.331749757,7.44E-01,1.00E+00
528,209869_at,-0.341336454,7.36E-01,1.00E+00
1461,243278_at,-0.36345934,7.21E-01,1.00E+00
571,210643_at,-0.379835576,7.07E-01,1.00E+00
434,206785_s_at,-0.386348695,7.06E-01,1.00E+00
803,219614_s_at,-0.388014981,7.03E-01,1.00E+00
1157,229288_at,-0.389883868,7.00E-01,1.00E+00
1223,230831_at,-0.397183438,6.95E-01,1.00E+00
103,201909_at,-0.413127996,6.84E-01,1.00E+00
55,1557236_at,-0.417254581,6.84E-01,1.00E+00
68,1559827_at,-0.420332274,6.80E-01,1.00E+00
1279,232752_at,-0.423727154,6.78E-01,1.00E+00
1123,228562_at,-0.424584808,6.74E-01,1.00E+00
279,205184_at,-0.437508397,6.68E-01,1.00E+00
272,205110_s_at,-0.463242101,6.49E-01,1.00E+00
353,205844_at,-0.464657574,6.50E-01,1.00E+00
1369,237625_s_at,-0.497450608,6.26E-01,1.00E+00
409,206354_at,-0.497683023,6.26E-01,1.00E+00
1108,228293_at,-0.519867227,6.09E-01,1.00E+00
809,219764_at,-0.525279203,6.03E-01,1.00E+00
1268,232541_at,-0.533772941,6.01E-01,1.00E+00
48,1556006_s_at,-0.535657749,6.00E-01,1.00E+00
646,213472_at,-0.547304966,5.92E-01,1.00E+00
753,216733_s_at,-0.551255599,5.88E-01,1.00E+00
157,203819_s_at,-0.554879499,5.88E-01,1.00E+00
712,214973_x_at,-0.556543021,5.84E-01,1.00E+00
696,214476_at,-0.571659825,5.78E-01,1.00E+00
295,205319_at,-0.58448232,5.73E-01,1.00E+00
759,217179_x_at,-0.58629572,5.65E-01,1.00E+00
1417,241036_at,-0.589181127,5.64E-01,1.00E+00
352,205828_at,-0.601089822,5.55E-01,1.00E+00
933,223748_at,-0.607918338,5.55E-01,1.00E+00
662,213831_at,-0.61201724,5.51E-01,1.00E+00
1366,237216_at,-0.62079295,5.43E-01,1.00E+00
1457,242967_at,-0.623640744,5.45E-01,1.00E+00
146,203548_s_at,-0.636677848,5.30E-01,1.00E+00
394,206204_at,-0.637587472,5.33E-01,1.00E+00
732,215483_at,-0.648288819,5.26E-01,1.00E+00
708,214868_at,-0.65138524,5.26E-01,1.00E+00
553,210163_at,-0.656859834,5.22E-01,1.00E+00
511,209612_s_at,-0.672464676,5.15E-01,1.00E+00
7,1552767_a_at,-0.702377258,4.91E-01,1.00E+00
429,206700_s_at,-0.711703748,4.86E-01,1.00E+00
1472,244482_at,-0.711943903,4.89E-01,1.00E+00
841,220133_at,-0.722655324,4.82E-01,1.00E+00
1331,235798_at,-0.731777315,4.72E-01,1.00E+00
597,211645_x_at,-0.737288554,4.71E-01,1.00E+00
74,1565358_at,-0.74163777,4.70E-01,1.00E+00
158,203820_s_at,-0.741746392,4.71E-01,1.00E+00
1413,240502_at,-0.744756294,4.67E-01,1.00E+00
67,1559826_a_at,-0.749334465,4.66E-01,1.00E+00
1393,238900_at,-0.759040298,4.64E-01,1.00E+00
437,206857_s_at,-0.762899364,4.54E-01,1.00E+00
324,205549_at,-0.78897694,4.47E-01,1.00E+00
592,211538_s_at,-0.805165691,4.28E-01,1.00E+00
449,207057_at,-0.814228341,4.24E-01,1.00E+00
192,204273_at,-0.818905128,4.25E-01,1.00E+00
1196,230127_at,-0.819436066,4.26E-01,1.00E+00
1192,229975_at,-0.829679165,4.17E-01,1.00E+00
938,223883_s_at,-0.834990592,4.19E-01,1.00E+00
1195,230030_at,-0.842292935,4.09E-01,1.00E+00
312,205488_at,-0.843014914,4.13E-01,1.00E+00
1474,244631_at,-0.847007796,4.11E-01,1.00E+00
1125,228592_at,-0.864777944,4.02E-01,1.00E+00
331,205626_s_at,-0.87202035,4.03E-01,1.00E+00
936,223779_at,-0.885597395,3.94E-01,1.00E+00
749,216541_x_at,-0.886887778,3.92E-01,1.00E+00
512,209613_s_at,-0.899849516,3.86E-01,1.00E+00
963,225207_at,-0.919208876,3.70E-01,1.00E+00
699,214657_s_at,-0.941164512,3.64E-01,1.00E+00
810,219772_s_at,-0.946200162,3.62E-01,1.00E+00
417,206515_at,-0.956085004,3.54E-01,1.00E+00
1236,231341_at,-0.971727612,3.46E-01,1.00E+00
1150,229152_at,-0.979915086,3.46E-01,1.00E+00
1183,229779_at,-0.990918508,3.37E-01,1.00E+00
585,211122_s_at,-0.998314759,3.33E-01,1.00E+00
446,207016_s_at,-1.006355649,3.32E-01,1.00E+00
785,218990_s_at,-1.019344137,3.32E-01,1.00E+00
1340,236121_at,-1.042309092,3.15E-01,1.00E+00
1124,228582_x_at,-1.047632569,3.12E-01,1.00E+00
263,205000_at,-1.056955381,3.08E-01,1.00E+00
744,216248_s_at,-1.063635984,3.09E-01,1.00E+00
58,1558048_x_at,-1.068531677,3.06E-01,1.00E+00
1441,242271_at,-1.078419575,3.07E-01,1.00E+00
330,205625_s_at,-1.093817733,3.00E-01,1.00E+00
688,214240_at,-1.095133785,2.90E-01,1.00E+00
225,204621_s_at,-1.099368285,2.92E-01,1.00E+00
549,210143_at,-1.103043862,2.95E-01,1.00E+00
1348,236341_at,-1.112228418,2.82E-01,1.00E+00
138,203184_at,-1.117316923,2.75E-01,1.00E+00
739,215806_x_at,-1.120320009,2.79E-01,1.00E+00
1302,235075_at,-1.137824185,2.74E-01,1.00E+00
748,216510_x_at,-1.138251028,2.68E-01,1.00E+00
668,213906_at,-1.142606609,2.72E-01,1.00E+00
644,213438_at,-1.144498877,2.77E-01,1.00E+00
191,204268_at,-1.149129883,2.65E-01,1.00E+00
1397,239131_at,-1.152417515,2.62E-01,1.00E+00
526,209829_at,-1.156622592,2.60E-01,1.00E+00
800,219529_at,-1.157046195,2.64E-01,1.00E+00
750,216576_x_at,-1.169582134,2.57E-01,1.00E+00
424,206624_at,-1.17686737,2.55E-01,1.00E+00
1358,236778_at,-1.188287461,2.56E-01,1.00E+00
943,223987_at,-1.197405243,2.60E-01,1.00E+00
1339,236045_x_at,-1.207767217,2.49E-01,1.00E+00
264,205001_s_at,-1.226511644,2.40E-01,1.00E+00
602,212094_at,-1.233989392,2.42E-01,1.00E+00
1131,228737_at,-1.238924273,2.34E-01,1.00E+00
724,215175_at,-1.23915976,2.39E-01,1.00E+00
547,210133_at,-1.251003575,2.32E-01,1.00E+00
625,212999_x_at,-1.253962087,2.32E-01,1.00E+00
705,214777_at,-1.257663705,2.24E-01,1.00E+00
439,206859_s_at,-1.258791311,2.39E-01,1.00E+00
438,206858_s_at,-1.259871051,2.24E-01,1.00E+00
649,213537_at,-1.26173889,2.32E-01,1.00E+00
554,210164_at,-1.274208233,2.23E-01,1.00E+00
1120,228492_at,-1.281563045,2.18E-01,1.00E+00
747,216491_x_at,-1.29091991,2.13E-01,1.00E+00
56,1557257_at,-1.293176543,2.25E-01,1.00E+00
418,206552_s_at,-1.295433625,2.21E-01,1.00E+00
6,1552735_at,-1.301719046,2.14E-01,1.00E+00
421,206577_at,-1.302771819,2.20E-01,1.00E+00
663,213832_at,-1.312213601,2.10E-01,1.00E+00
1206,230425_at,-1.315998107,2.03E-01,1.00E+00
237,204733_at,-1.317893614,2.06E-01,1.00E+00
346,205795_at,-1.324089238,2.06E-01,1.00E+00
238,204748_at,-1.326780878,2.05E-01,1.00E+00
543,210029_at,-1.348622245,2.02E-01,1.00E+00
1298,234764_x_at,-1.351645238,1.95E-01,1.00E+00
1037,227084_at,-1.354110065,2.01E-01,1.00E+00
222,204602_at,-1.358945335,1.97E-01,1.00E+00
1365,237206_at,-1.360529621,2.04E-01,1.00E+00
329,205595_at,-1.361124344,1.93E-01,1.00E+00
416,206513_at,-1.361301167,1.91E-01,1.00E+00
494,209278_s_at,-1.364641896,1.94E-01,1.00E+00
695,214455_at,-1.371626093,1.98E-01,1.00E+00
66,1559584_a_at,-1.375348493,1.87E-01,1.00E+00
140,203290_at,-1.386633429,1.84E-01,1.00E+00
440,206884_s_at,-1.395817446,1.88E-01,1.00E+00
867,221207_s_at,-1.413124961,1.76E-01,1.00E+00
1004,226439_s_at,-1.413731987,1.75E-01,1.00E+00
658,213796_at,-1.432704454,1.81E-01,1.00E+00
113,202376_at,-1.456166005,1.71E-01,1.00E+00
1160,229339_at,-1.462250414,1.76E-01,1.00E+00
680,214068_at,-1.463668889,1.69E-01,1.00E+00
201,204365_s_at,-1.466065735,1.73E-01,1.00E+00
380,206084_at,-1.476930806,1.65E-01,1.00E+00
713,214974_x_at,-1.48579221,1.59E-01,1.00E+00
1389,238751_at,-1.489255787,1.66E-01,1.00E+00
420,206569_at,-1.499326184,1.62E-01,1.00E+00
1400,239448_at,-1.5030916,1.52E-01,1.00E+00
1211,230563_at,-1.505052891,1.51E-01,1.00E+00
1091,227892_at,-1.505414357,1.57E-01,1.00E+00
999,226303_at,-1.540010772,1.53E-01,1.00E+00
1231,231166_at,-1.54954642,1.31E-01,1.00E+00
487,209016_s_at,-1.55776995,1.51E-01,1.00E+00
1406,239808_at,-1.562794953,1.45E-01,1.00E+00
1460,243046_at,-1.56805118,1.43E-01,1.00E+00
720,215101_s_at,-1.569933685,1.38E-01,1.00E+00
10,1552848_a_at,-1.577122853,1.40E-01,1.00E+00
1182,229768_at,-1.579093735,1.32E-01,1.00E+00
122,202746_at,-1.590302512,1.27E-01,1.00E+00
790,219140_s_at,-1.592460621,1.28E-01,1.00E+00
1038,227123_at,-1.597708514,1.29E-01,1.00E+00
558,210282_at,-1.601382646,1.24E-01,1.00E+00
1083,227742_at,-1.607254802,1.20E-01,1.00E+00
1349,236429_at,-1.612273979,1.34E-01,1.00E+00
219,204584_at,-1.619575259,1.23E-01,1.00E+00
200,204364_s_at,-1.623172362,1.35E-01,1.00E+00
205,204424_s_at,-1.640032428,1.34E-01,1.00E+00
890,222242_s_at,-1.644379989,1.33E-01,1.00E+00
805,219685_at,-1.645256753,1.23E-01,1.00E+00
249,204885_s_at,-1.650257971,1.18E-01,1.00E+00
1462,243509_at,-1.659929591,1.22E-01,1.00E+00
1177,229649_at,-1.66584803,1.19E-01,1.00E+00
461,207317_s_at,-1.674283441,1.27E-01,1.00E+00
107,202222_s_at,-1.678125603,1.24E-01,1.00E+00
143,203434_s_at,-1.679488186,1.15E-01,1.00E+00
679,214059_at,-1.708069032,1.15E-01,1.00E+00
473,207957_s_at,-1.713452352,1.12E-01,1.00E+00
38,1555564_a_at,-1.738339806,9.35E-02,1.00E+00
1437,242052_at,-1.749003428,9.82E-02,1.00E+00
69,1560263_at,-1.754223554,1.03E-01,1.00E+00
1141,228933_at,-1.777093411,8.77E-02,1.00E+00
34,1554997_a_at,-1.793147601,9.52E-02,1.00E+00
1424,241716_at,-1.813681508,9.63E-02,1.00E+00
1021,226789_at,-1.817774597,7.89E-02,1.00E+00
214,204475_at,-1.81792216,8.38E-02,1.00E+00
94,201495_x_at,-1.83011591,9.91E-02,1.00E+00
355,205863_at,-1.832730857,9.09E-02,1.00E+00
162,203881_s_at,-1.835194719,8.88E-02,1.00E+00
832,220005_at,-1.843120545,8.55E-02,1.00E+00
1253,232099_at,-1.856751662,7.80E-02,1.00E+00
574,210675_s_at,-1.858011679,8.41E-02,1.00E+00
1272,232584_at,-1.872403718,7.93E-02,1.00E+00
12,1553102_a_at,-1.875153764,8.84E-02,1.00E+00
1250,232067_at,-1.877691735,8.27E-02,1.00E+00
1292,233614_at,-1.879508745,8.90E-02,1.00E+00
241,204783_at,-1.88285144,7.34E-02,1.00E+00
1372,237974_at,-1.884958963,8.68E-02,1.00E+00
517,209728_at,-1.888357844,8.22E-02,1.00E+00
522,209792_s_at,-1.889372939,7.74E-02,1.00E+00
384,206125_s_at,-1.898086894,8.24E-02,1.00E+00
733,215506_s_at,-1.900781071,7.39E-02,1.00E+00
908,222939_s_at,-1.905858238,7.58E-02,1.00E+00
1342,236203_at,-1.911963175,8.43E-02,1.00E+00
1086,227812_at,-1.913093663,6.72E-02,1.00E+00
783,218959_at,-1.958981605,8.06E-02,1.00E+00
354,205860_x_at,-1.961508204,7.35E-02,1.00E+00
1440,242243_at,-1.962607326,7.44E-02,1.00E+00
716,215033_at,-1.963992781,7.21E-02,1.00E+00
135,203001_s_at,-1.964528445,7.82E-02,1.00E+00
309,205442_at,-1.965276115,6.44E-02,1.00E+00
782,218934_s_at,-1.971770334,7.87E-02,1.00E+00
591,211506_s_at,-1.979296422,6.80E-02,1.00E+00
636,213262_at,-1.983465504,6.72E-02,1.00E+00
53,1557051_s_at,-1.987186705,6.97E-02,1.00E+00
1000,226304_at,-1.987563246,7.61E-02,1.00E+00
488,209125_at,-2.016910405,6.98E-02,1.00E+00
652,213680_at,-2.028037601,6.44E-02,1.00E+00
358,205885_s_at,-2.029762824,5.89E-02,1.00E+00
1293,233690_at,-2.033173256,6.35E-02,1.00E+00
442,206924_at,-2.034433033,6.66E-02,1.00E+00
966,225288_at,-2.038197307,6.04E-02,1.00E+00
1283,233011_at,-2.060965382,6.52E-02,1.00E+00
729,215363_x_at,-2.07260592,6.04E-02,1.00E+00
233,204714_s_at,-2.08610321,4.66E-02,1.00E+00
407,206336_at,-2.088085553,6.07E-02,1.00E+00
1026,226869_at,-2.095970672,4.77E-02,1.00E+00
1154,229228_at,-2.100691792,5.63E-02,1.00E+00
1087,227826_s_at,-2.101848069,6.14E-02,1.00E+00
1088,227827_at,-2.111103184,6.04E-02,1.00E+00
441,206898_at,-2.111203168,6.20E-02,1.00E+00
1382,238462_at,-2.127438825,5.44E-02,1.00E+00
1100,228133_s_at,-2.129321165,6.08E-02,1.00E+00
389,206167_s_at,-2.142925889,4.32E-02,1.00E+00
342,205778_at,-2.149139354,5.45E-02,1.00E+00
340,205767_at,-2.155571857,4.06E-02,1.00E+00
345,205792_at,-2.158329481,5.89E-02,1.00E+00
1114,228390_at,-2.160032919,4.06E-02,1.00E+00
134,203000_at,-2.1612358,5.54E-02,1.00E+00
548,210135_s_at,-2.167852973,4.97E-02,1.00E+00
1107,228262_at,-2.17135827,5.19E-02,1.00E+00
311,205475_at,-2.17271267,5.63E-02,1.00E+00
563,210387_at,-2.178545433,4.82E-02,1.00E+00
406,206326_at,-2.178595587,5.26E-02,1.00E+00
616,212730_at,-2.18038824,5.36E-02,1.00E+00
288,205242_at,-2.185433293,4.83E-02,1.00E+00
132,202992_at,-2.191113847,5.23E-02,1.00E+00
1399,239381_at,-2.201262919,4.94E-02,1.00E+00
1255,232119_at,-2.2162679,5.32E-02,1.00E+00
1346,236300_at,-2.229870555,4.49E-02,1.00E+00
743,216243_s_at,-2.242694101,3.88E-02,1.00E+00
1311,235229_at,-2.251723068,4.03E-02,1.00E+00
1429,241824_at,-2.258520668,4.00E-02,1.00E+00
886,221974_at,-2.268713732,3.98E-02,1.00E+00
521,209763_at,-2.276506829,4.66E-02,1.00E+00
1174,229623_at,-2.327904355,3.25E-02,1.00E+00
1118,228462_at,-2.345612173,3.11E-02,1.00E+00
675,214012_at,-2.346889701,3.22E-02,1.00E+00
1092,227949_at,-2.356063148,3.66E-02,1.00E+00
1444,242457_at,-2.358600869,3.75E-02,1.00E+00
366,205943_at,-2.377072016,2.67E-02,1.00E+00
388,206157_at,-2.377382643,3.53E-02,1.00E+00
1452,242736_at,-2.387240272,3.40E-02,1.00E+00
1425,241762_at,-2.387753047,3.33E-02,1.00E+00
899,222722_at,-2.389229271,3.69E-02,1.00E+00
313,205498_at,-2.397168458,2.86E-02,1.00E+00
1261,232315_at,-2.436728548,3.27E-02,1.00E+00
95,201496_x_at,-2.441980378,3.52E-02,1.00E+00
1248,231964_at,-2.442018482,2.25E-02,1.00E+00
561,210303_at,-2.455258626,3.57E-02,1.00E+00
168,203915_at,-2.456416841,2.64E-02,1.00E+00
1467,244056_at,-2.463121454,3.18E-02,1.00E+00
711,214967_at,-2.468033394,3.08E-02,1.00E+00
573,210674_s_at,-2.4764693,2.36E-02,1.00E+00
1190,229947_at,-2.493723098,2.62E-02,1.00E+00
1138,228854_at,-2.506196912,3.16E-02,1.00E+00
1205,230372_at,-2.521467143,2.25E-02,1.00E+00
411,206432_at,-2.523035856,2.76E-02,1.00E+00
125,202768_at,-2.555838979,2.37E-02,1.00E+00
579,210873_x_at,-2.582897825,2.32E-02,1.00E+00
726,215268_at,-2.586495228,2.53E-02,1.00E+00
1315,235419_at,-2.592076645,2.11E-02,1.00E+00
248,204846_at,-2.595447934,2.40E-02,1.00E+00
1411,240146_at,-2.602883554,1.62E-02,1.00E+00
1062,227526_at,-2.603103121,2.59E-02,1.00E+00
913,223395_at,-2.604467588,1.93E-02,1.00E+00
284,205220_at,-2.608927633,1.93E-02,1.00E+00
719,215078_at,-2.610434893,2.42E-02,1.00E+00
276,205157_s_at,-2.617449349,2.29E-02,1.00E+00
496,209292_at,-2.634801934,1.36E-02,1.00E+00
302,205381_at,-2.637982196,1.83E-02,1.00E+00
917,223503_at,-2.6388659,2.44E-02,1.00E+00
368,205959_at,-2.640633378,2.61E-02,1.00E+00
15,1553613_s_at,-2.641207353,1.78E-02,1.00E+00
786,219049_at,-2.642062051,1.60E-02,1.00E+00
1396,239102_s_at,-2.656638312,2.03E-02,1.00E+00
234,204719_at,-2.657952973,2.18E-02,1.00E+00
204,204422_s_at,-2.670793911,2.27E-02,1.00E+00
171,203980_at,-2.675595355,2.38E-02,1.00E+00
481,208335_s_at,-2.688057954,2.28E-02,1.00E+00
28,1554503_a_at,-2.70460054,2.32E-02,1.00E+00
1113,228370_at,-2.715091205,1.65E-02,1.00E+00
647,213479_at,-2.725049627,1.20E-02,1.00E+00
1084,227769_at,-2.728324457,1.71E-02,1.00E+00
641,213418_at,-2.749777857,1.95E-02,1.00E+00
741,216005_at,-2.751437068,2.13E-02,1.00E+00
906,222924_at,-2.753606798,2.01E-02,1.00E+00
198,204338_s_at,-2.762955008,1.54E-02,1.00E+00
560,210302_s_at,-2.768488192,1.97E-02,1.00E+00
398,206211_at,-2.779073477,1.87E-02,1.00E+00
315,205501_at,-2.788209091,1.08E-02,1.00E+00
1401,239519_at,-2.793257244,1.75E-02,1.00E+00
1042,227183_at,-2.809632096,1.91E-02,1.00E+00
793,219288_at,-2.819110622,8.21E-03,1.00E+00
762,217388_s_at,-2.845621198,1.17E-02,1.00E+00
62,1559391_s_at,-2.84798075,1.27E-02,1.00E+00
114,202409_at,-2.853148127,8.22E-03,1.00E+00
864,221031_s_at,-2.864940404,8.45E-03,1.00E+00
1009,226587_at,-2.866202145,9.44E-03,1.00E+00
220,204591_at,-2.867418359,1.09E-02,1.00E+00
1418,241272_at,-2.881570616,1.69E-02,1.00E+00
987,226071_at,-2.883243388,1.74E-02,1.00E+00
1280,232805_at,-2.896914718,1.73E-02,1.00E+00
88,201116_s_at,-2.905290521,8.30E-03,1.00E+00
1165,229461_x_at,-2.906018651,1.57E-02,1.00E+00
773,218087_s_at,-2.916290103,1.43E-02,1.00E+00
357,205884_at,-2.925300525,1.08E-02,1.00E+00
1453,242767_at,-2.944658488,1.56E-02,1.00E+00
1433,241897_at,-2.952773523,1.24E-02,1.00E+00
1193,230000_at,-2.954638187,1.17E-02,1.00E+00
89,201117_s_at,-2.955699527,6.97E-03,1.00E+00
1008,226558_at,-2.992857752,5.62E-03,1.00E+00
684,214146_s_at,-2.999209702,1.38E-02,1.00E+00
307,205433_at,-3.008991674,1.29E-02,1.00E+00
101,201848_s_at,-3.019934969,6.23E-03,1.00E+00
1321,235592_at,-3.023592675,1.28E-02,1.00E+00
706,214841_at,-3.03320596,1.16E-02,1.00E+00
503,209465_x_at,-3.043019515,1.32E-02,1.00E+00
19,1554007_at,-3.044426207,9.96E-03,1.00E+00
283,205207_at,-3.050208145,1.12E-02,1.00E+00
1454,242836_at,-3.055689084,1.14E-02,1.00E+00
1200,230175_s_at,-3.064971206,4.87E-03,1.00E+00
979,225894_at,-3.068556252,1.25E-02,1.00E+00
1264,232453_at,-3.079912208,1.15E-02,1.00E+00
976,225720_at,-3.087168161,1.14E-02,1.00E+00
1144,229011_at,-3.089553844,4.78E-03,1.00E+00
1307,235183_at,-3.093231073,1.21E-02,1.00E+00
96,201525_at,-3.105994119,6.70E-03,1.00E+00
510,209598_at,-3.127571856,4.09E-03,1.00E+00
317,205514_at,-3.127748121,8.42E-03,1.00E+00
108,202274_at,-3.129856281,9.65E-03,1.00E+00
216,204533_at,-3.133466172,6.73E-03,1.00E+00
842,220146_at,-3.141657204,9.74E-03,1.00E+00
799,219463_at,-3.147848342,1.08E-02,1.00E+00
897,222717_at,-3.159900965,1.01E-02,1.00E+00
1145,229024_at,-3.162448024,1.03E-02,1.00E+00
1403,239580_at,-3.162517348,1.01E-02,1.00E+00
583,210933_s_at,-3.174033711,3.63E-03,1.00E+00
971,225540_at,-3.198104581,5.26E-03,1.00E+00
872,221491_x_at,-3.200300861,4.53E-03,1.00E+00
247,204844_at,-3.209826993,6.25E-03,1.00E+00
893,222326_at,-3.216012436,5.84E-03,1.00E+00
20,1554008_at,-3.225974536,9.92E-03,1.00E+00
666,213895_at,-3.231672411,3.95E-03,1.00E+00
1351,236495_at,-3.23239719,7.91E-03,1.00E+00
819,219908_at,-3.237848313,8.00E-03,1.00E+00
240,204776_at,-3.239899949,9.37E-03,1.00E+00
1040,227148_at,-3.260088551,7.30E-03,1.00E+00
559,210299_s_at,-3.273034301,7.91E-03,1.00E+00
1465,244026_at,-3.273379898,6.97E-03,1.00E+00
1072,227662_at,-3.292163228,7.80E-03,1.00E+00
1432,241891_at,-3.293805419,5.67E-03,1.00E+00
1130,228731_at,-3.297441392,6.87E-03,1.00E+00
914,223435_s_at,-3.301279356,3.10E-03,1.00E+00
816,219872_at,-3.301505636,4.72E-03,1.00E+00
60,1558828_s_at,-3.323444182,7.44E-03,1.00E+00
1347,236313_at,-3.335822474,2.32E-03,1.00E+00
1398,239258_at,-3.33705558,6.73E-03,1.00E+00
923,223599_at,-3.354536408,4.22E-03,1.00E+00
303,205399_at,-3.36079396,5.59E-03,1.00E+00
1163,229435_at,-3.36870554,2.55E-03,1.00E+00
70,1560359_at,-3.381065849,7.11E-03,1.00E+00
333,205666_at,-3.38459719,7.50E-03,1.00E+00
1281,232882_at,-3.389369665,4.00E-03,1.00E+00
414,206471_s_at,-3.393366624,7.02E-03,1.00E+00
1247,231940_at,-3.396792534,1.99E-03,1.00E+00
1260,232297_at,-3.410618314,5.20E-03,1.00E+00
614,212657_s_at,-3.415016618,3.20E-03,1.00E+00
470,207610_s_at,-3.437601586,4.79E-03,1.00E+00
1464,243993_at,-3.447662815,3.75E-03,1.00E+00
1148,229125_at,-3.451091316,6.49E-03,1.00E+00
1112,228365_at,-3.452755325,2.09E-03,1.00E+00
1319,235568_at,-3.459204141,6.21E-03,1.00E+00
896,222668_at,-3.479543403,1.48E-03,1.00E+00
128,202920_at,-3.492414465,5.66E-03,1.00E+00
29,1554547_at,-3.502033329,5.39E-03,1.00E+00
848,220301_at,-3.505265478,4.98E-03,1.00E+00
46,1555938_x_at,-3.512126268,5.99E-03,1.00E+00
694,214453_s_at,-3.513350057,3.17E-03,1.00E+00
1134,228766_at,-3.531642085,4.44E-03,1.00E+00
980,225895_at,-3.537309377,4.65E-03,1.00E+00
798,219454_at,-3.537413847,3.42E-03,1.00E+00
701,214702_at,-3.549163649,5.95E-03,1.00E+00
1110,228335_at,-3.564034973,4.21E-03,1.00E+00
956,224646_x_at,-3.567588361,1.46E-03,1.00E+00
813,219789_at,-3.576511969,5.38E-03,1.00E+00
840,220122_at,-3.584320285,3.13E-03,1.00E+00
709,214920_at,-3.600192977,4.73E-03,1.00E+00
1115,228407_at,-3.606562879,5.05E-03,1.00E+00
383,206115_at,-3.619866873,2.79E-03,1.00E+00
994,226164_x_at,-3.62531347,4.60E-03,1.00E+00
718,215077_at,-3.634394403,4.93E-03,1.00E+00
883,221911_at,-3.644656478,1.42E-03,1.00E+00
523,209795_at,-3.645406168,2.94E-03,1.00E+00
1408,240038_at,-3.645634447,3.90E-03,1.00E+00
1290,233496_s_at,-3.646802977,3.85E-03,1.00E+00
1089,227874_at,-3.649687461,4.32E-03,1.00E+00
425,206638_at,-3.650820139,5.14E-03,1.00E+00
104,202037_s_at,-3.6571058,4.90E-03,1.00E+00
300,205357_s_at,-3.675939659,4.49E-03,1.00E+00
1234,231240_at,-3.700177257,2.48E-03,1.00E+00
1098,228107_at,-3.713959261,4.11E-03,1.00E+00
1269,232544_at,-3.719458609,3.92E-03,1.00E+00
924,223614_at,-3.737440827,4.19E-03,1.00E+00
1102,228186_s_at,-3.73847655,2.94E-03,1.00E+00
665,213894_at,-3.739661801,3.79E-03,1.00E+00
1426,241780_at,-3.74020752,3.08E-03,1.00E+00
801,219574_at,-3.745599756,3.54E-03,1.00E+00
1015,226682_at,-3.748807177,1.62E-03,1.00E+00
727,215294_s_at,-3.762473513,2.05E-03,1.00E+00
947,224352_s_at,-3.773604518,2.65E-03,1.00E+00
1056,227458_at,-3.778276022,2.02E-03,1.00E+00
925,223620_at,-3.79399374,1.51E-03,1.00E+00
1445,242471_at,-3.809140373,1.96E-03,1.00E+00
161,203876_s_at,-3.813095498,3.22E-03,1.00E+00
1263,232431_at,-3.840307645,2.30E-03,1.00E+00
471,207753_at,-3.843973196,9.31E-04,8.69E-01
1027,226885_at,-3.84745797,7.34E-04,7.03E-01
725,215199_at,-3.850894901,3.44E-03,1.00E+00
588,211379_x_at,-3.854663837,1.30E-03,1.00E+00
51,1556935_at,-3.860258233,3.01E-03,1.00E+00
539,209959_at,-3.874073548,3.04E-03,1.00E+00
412,206439_at,-3.877585671,3.62E-03,1.00E+00
603,212122_at,-3.88051118,1.35E-03,1.00E+00
912,223374_s_at,-3.884636906,1.18E-03,1.00E+00
1282,232935_at,-3.886407648,1.34E-03,1.00E+00
1171,229578_at,-3.897608042,2.75E-03,1.00E+00
990,226142_at,-3.911242061,4.93E-04,4.94E-01
102,201849_at,-3.917535838,5.43E-04,5.38E-01
1299,234994_at,-3.935210157,4.20E-04,4.23E-01
515,209676_at,-3.949729834,9.04E-04,8.46E-01
176,204035_at,-3.96457159,8.33E-04,7.87E-01
415,206488_s_at,-3.978849064,1.68E-03,1.00E+00
1220,230748_at,-3.983969206,1.65E-03,1.00E+00
661,213817_at,-3.993721023,1.83E-03,1.00E+00
575,210772_at,-3.997570643,8.12E-04,7.71E-01
937,223800_s_at,-3.999229164,1.83E-03,1.00E+00
218,204563_at,-4.001090948,7.58E-04,7.24E-01
54,1557080_s_at,-4.027599237,2.78E-03,1.00E+00
229,204672_s_at,-4.038085391,1.52E-03,1.00E+00
929,223672_at,-4.038599046,2.44E-03,1.00E+00
274,205122_at,-4.042242344,5.67E-04,5.57E-01
1065,227565_at,-4.0423453,1.40E-03,1.00E+00
1327,235740_at,-4.045035059,1.52E-03,1.00E+00
1045,227233_at,-4.066454628,1.95E-03,1.00E+00
343,205782_at,-4.073543873,2.54E-03,1.00E+00
1314,235385_at,-4.077926734,2.06E-03,1.00E+00
1128,228698_at,-4.085526789,1.72E-03,1.00E+00
959,224942_at,-4.092638272,1.58E-03,1.00E+00
957,224940_s_at,-4.096355196,1.47E-03,1.00E+00
1353,236561_at,-4.117219886,1.76E-03,1.00E+00
846,220253_s_at,-4.120299277,1.24E-03,1.00E+00
1456,242943_at,-4.120710219,1.30E-03,1.00E+00
1159,229327_s_at,-4.142238263,1.63E-03,1.00E+00
1446,242546_at,-4.159287134,1.51E-03,1.00E+00
145,203485_at,-4.161898547,1.60E-03,1.00E+00
243,204793_at,-4.165854009,1.43E-03,1.00E+00
1459,243041_s_at,-4.170345865,1.14E-03,1.00E+00
1394,238906_s_at,-4.171490685,1.48E-03,1.00E+00
824,219947_at,-4.172704075,1.01E-03,9.39E-01
207,204439_at,-4.175254493,8.88E-04,8.35E-01
1285,233109_at,-4.189895153,1.86E-03,1.00E+00
1420,241457_at,-4.20123034,1.73E-03,1.00E+00
984,225987_at,-4.223134418,1.12E-03,1.00E+00
1175,229635_at,-4.227191578,1.93E-03,1.00E+00
474,207978_s_at,-4.228243971,1.68E-03,1.00E+00
873,221523_s_at,-4.229145187,5.93E-04,5.80E-01
98,201645_at,-4.235540402,8.54E-04,8.04E-01
1046,227235_at,-4.245065077,1.15E-03,1.00E+00
1208,230493_at,-4.245257737,1.12E-03,1.00E+00
1391,238852_at,-4.246956337,1.00E-03,9.29E-01
79,1568765_at,-4.247462519,1.05E-03,9.71E-01
1067,227568_at,-4.265773637,9.18E-04,8.57E-01
378,206067_s_at,-4.268968351,2.68E-04,2.78E-01
1147,229084_at,-4.295743652,1.16E-03,1.00E+00
273,205114_s_at,-4.304012906,7.41E-04,7.09E-01
1362,236901_at,-4.310615863,1.22E-03,1.00E+00
252,204913_s_at,-4.311299485,1.74E-03,1.00E+00
212,204466_s_at,-4.317029163,3.55E-04,3.62E-01
874,221667_s_at,-4.317243158,1.48E-03,1.00E+00
1323,235629_at,-4.317261996,1.62E-03,1.00E+00
57,1557961_s_at,-4.320027737,1.47E-03,1.00E+00
443,206953_s_at,-4.32794554,8.92E-04,8.37E-01
318,205518_s_at,-4.331694101,8.08E-04,7.67E-01
1051,227370_at,-4.337007383,7.34E-04,7.03E-01
983,225978_at,-4.373486843,1.20E-03,1.00E+00
189,204259_at,-4.390631488,2.35E-04,2.47E-01
670,213933_at,-4.403419774,1.14E-03,1.00E+00
335,205681_at,-4.410271184,4.35E-04,4.38E-01
555,210170_at,-4.431846156,1.28E-03,1.00E+00
323,205535_s_at,-4.437714261,1.37E-03,1.00E+00
536,209948_at,-4.44925572,1.19E-03,1.00E+00
1430,241864_x_at,-4.452771936,9.05E-04,8.46E-01
669,213909_at,-4.453144168,1.28E-03,1.00E+00
322,205534_at,-4.467045265,8.30E-04,7.85E-01
1049,227289_at,-4.467863405,1.02E-03,9.48E-01
1328,235759_at,-4.46949329,1.19E-03,1.00E+00
1316,235438_at,-4.487397392,7.70E-04,7.34E-01
1227,231067_s_at,-4.505234642,4.42E-04,4.44E-01
1443,242397_at,-4.5053022,1.28E-03,1.00E+00
393,206201_s_at,-4.511590182,6.05E-04,5.90E-01
379,206070_s_at,-4.513627224,1.23E-03,1.00E+00
160,203874_s_at,-4.52947833,2.33E-04,2.45E-01
502,209406_at,-4.53230361,1.12E-04,1.24E-01
1122,228501_at,-4.533433994,1.12E-03,1.00E+00
127,202917_s_at,-4.539592512,1.51E-04,1.63E-01
960,224997_x_at,-4.539745292,1.16E-04,1.27E-01
1075,227688_at,-4.54303381,1.08E-03,9.93E-01
1451,242680_at,-4.546298008,9.72E-04,9.04E-01
1252,232090_at,-4.547894209,9.58E-04,8.93E-01
580,210875_s_at,-4.548910296,1.04E-03,9.60E-01
328,205578_at,-4.549148143,2.19E-04,2.31E-01
1209,230550_at,-4.551878888,5.45E-04,5.39E-01
1167,229530_at,-4.556237746,5.61E-04,5.52E-01
779,218824_at,-4.570347123,1.02E-03,9.46E-01
1185,229800_at,-4.572262011,6.71E-04,6.48E-01
529,209875_s_at,-4.573270907,1.17E-04,1.29E-01
1007,226545_at,-4.588377939,3.92E-04,3.97E-01
542,210004_at,-4.590200381,1.16E-03,1.00E+00
815,219836_at,-4.598189263,8.03E-04,7.64E-01
137,203153_at,-4.63220528,3.48E-04,3.55E-01
1344,236262_at,-4.641070991,8.34E-04,7.87E-01
767,217599_s_at,-4.645742773,2.19E-04,2.32E-01
185,204221_x_at,-4.649475431,5.93E-05,6.82E-02
213,204468_s_at,-4.661612079,7.12E-04,6.85E-01
530,209894_at,-4.669354792,2.37E-04,2.48E-01
1103,228202_at,-4.680145415,7.93E-04,7.54E-01
320,205528_s_at,-4.687018313,8.33E-04,7.87E-01
501,209396_s_at,-4.698255631,8.32E-05,9.40E-02
659,213797_at,-4.717959029,3.78E-04,3.83E-01
1270,232568_at,-4.723714112,8.91E-04,8.37E-01
1133,228750_at,-4.725258965,6.44E-04,6.23E-01
244,204796_at,-4.738041572,7.11E-04,6.84E-01
1170,229560_at,-4.749976361,2.84E-04,2.93E-01
1431,241872_at,-4.758570381,5.94E-04,5.81E-01
400,206227_at,-4.778813909,6.42E-04,6.21E-01
1300,235044_at,-4.784113189,5.99E-04,5.85E-01
1303,235086_at,-4.784512286,5.48E-04,5.40E-01
22,1554195_a_at,-4.793144608,8.27E-04,7.84E-01
1449,242625_at,-4.793544703,3.72E-04,3.77E-01
170,203951_at,-4.8063013,6.29E-04,6.11E-01
508,209555_s_at,-4.80961543,5.87E-04,5.75E-01
677,214038_at,-4.811939708,5.54E-04,5.46E-01
155,203766_s_at,-4.829186724,6.06E-04,5.91E-01
551,210146_x_at,-4.83970116,4.14E-04,4.18E-01
500,209395_at,-4.84037497,4.01E-05,4.70E-02
584,210942_s_at,-4.845488282,7.58E-04,7.24E-01
1228,231098_at,-4.847789131,6.31E-04,6.13E-01
868,221261_x_at,-4.851582918,2.76E-04,2.86E-01
177,204042_at,-4.852783285,5.49E-04,5.41E-01
817,219890_at,-4.858691477,7.33E-04,7.03E-01
270,205083_at,-4.863912933,6.41E-04,6.21E-01
1080,227727_at,-4.873285894,5.18E-04,5.15E-01
532,209924_at,-4.893050073,3.11E-04,3.20E-01
182,204154_at,-4.907665635,6.76E-04,6.51E-01
887,222043_at,-4.909475317,6.37E-04,6.18E-01
52,1557049_at,-4.911670075,3.56E-04,3.63E-01
39,1555728_a_at,-4.924011771,4.47E-04,4.49E-01
949,224358_s_at,-4.925743799,4.94E-04,4.94E-01
885,221942_s_at,-4.946741757,2.54E-04,2.65E-01
304,205404_at,-4.953218819,2.41E-04,2.52E-01
1356,236738_at,-4.960148107,5.00E-04,4.98E-01
728,215306_at,-4.96933548,5.68E-04,5.57E-01
1003,226435_at,-4.982708098,1.47E-04,1.59E-01
1215,230708_at,-4.983991307,6.68E-04,6.45E-01
1317,235489_at,-4.991444539,2.63E-04,2.73E-01
1166,229479_at,-5.002573133,5.76E-04,5.65E-01
619,212775_at,-5.008278324,6.86E-05,7.82E-02
608,212397_at,-5.012789266,5.45E-05,6.30E-02
506,209540_at,-5.014478396,9.85E-05,1.10E-01
1048,227239_at,-5.035305445,5.49E-05,6.34E-02
546,210119_at,-5.038765901,3.81E-04,3.86E-01
624,212992_at,-5.038988946,3.97E-05,4.66E-02
141,203305_at,-5.042271274,2.62E-04,2.73E-01
1117,228438_at,-5.072791858,4.72E-04,4.73E-01
490,209170_s_at,-5.080900186,3.20E-04,3.29E-01
648,213496_at,-5.098236426,3.63E-04,3.69E-01
1320,235570_at,-5.103420358,1.27E-04,1.38E-01
700,214701_s_at,-5.109921615,4.57E-04,4.58E-01
1156,229271_x_at,-5.111448529,5.61E-04,5.52E-01
1427,241789_at,-5.124865518,1.04E-04,1.16E-01
789,219134_at,-5.132265786,1.31E-04,1.43E-01
693,214452_at,-5.132392006,4.47E-04,4.49E-01
208,204456_s_at,-5.165779692,4.95E-04,4.94E-01
245,204797_s_at,-5.169617645,3.15E-04,3.23E-01
40,1555756_a_at,-5.17091179,2.77E-04,2.86E-01
600,211776_s_at,-5.170996592,2.51E-05,3.03E-02
1139,228863_at,-5.174245532,1.50E-04,1.63E-01
228,204671_s_at,-5.174783257,2.29E-04,2.42E-01
1322,235593_at,-5.199022139,4.08E-04,4.12E-01
120,202627_s_at,-5.201969099,8.25E-05,9.33E-02
173,204006_s_at,-5.208431325,2.14E-04,2.27E-01
1455,242881_x_at,-5.212370586,1.40E-04,1.53E-01
187,204235_s_at,-5.220411477,1.45E-05,1.79E-02
507,209541_at,-5.230870107,4.77E-05,5.55E-02
556,210176_at,-5.27640859,2.01E-04,2.14E-01
275,205139_s_at,-5.278623641,1.52E-04,1.64E-01
1068,227618_at,-5.306163094,2.96E-04,3.05E-01
1063,227529_s_at,-5.315845286,4.39E-05,5.15E-02
1099,228128_x_at,-5.318945026,1.03E-04,1.14E-01
1233,231202_at,-5.319661212,6.92E-05,7.89E-02
33,1554899_s_at,-5.322124486,9.31E-05,1.04E-01
131,202988_s_at,-5.323271503,1.57E-05,1.94E-02
21,1554018_at,-5.323412991,2.06E-04,2.19E-01
1017,226701_at,-5.327871928,2.54E-04,2.65E-01
1135,228776_at,-5.328088345,1.35E-04,1.47E-01
253,204914_s_at,-5.333023902,3.37E-04,3.45E-01
958,224941_at,-5.333161188,1.15E-04,1.27E-01
1470,244313_at,-5.333306872,1.96E-04,2.09E-01
1047,227236_at,-5.336330628,6.98E-05,7.95E-02
287,205237_at,-5.337923276,2.32E-04,2.44E-01
121,202628_s_at,-5.337949166,6.19E-05,7.08E-02
119,202499_s_at,-5.345994287,6.10E-05,6.98E-02
1226,231001_at,-5.34618257,3.21E-04,3.29E-01
617,212764_at,-5.347574725,1.46E-04,1.58E-01
188,204237_at,-5.363902242,1.01E-05,1.27E-02
796,219410_at,-5.379095016,3.38E-05,3.99E-02
1326,235733_at,-5.392080534,9.96E-05,1.11E-01
1116,228423_at,-5.392675095,2.77E-04,2.86E-01
349,205803_s_at,-5.398476426,2.19E-04,2.31E-01
489,209167_at,-5.422552008,1.57E-04,1.69E-01
484,208396_s_at,-5.43983256,2.41E-04,2.52E-01
1064,227530_at,-5.440853633,2.93E-05,3.49E-02
935,223767_at,-5.452515965,8.85E-05,9.94E-02
91,201149_s_at,-5.486163901,1.65E-04,1.77E-01
845,220244_at,-5.488758473,2.66E-04,2.77E-01
1477,32128_at,-5.494190456,5.45E-05,6.30E-02
221,204597_x_at,-5.496147011,1.28E-05,1.60E-02
193,204284_at,-5.500740634,1.90E-04,2.02E-01
1239,231721_at,-5.50171573,2.70E-04,2.80E-01
319,205525_at,-5.530953932,1.32E-04,1.44E-01
1324,235631_at,-5.531166424,2.51E-04,2.62E-01
577,210815_s_at,-5.533917421,1.54E-04,1.66E-01
306,205422_s_at,-5.548486278,2.55E-04,2.65E-01
609,212398_at,-5.554770763,2.21E-05,2.69E-02
770,217966_s_at,-5.556606842,1.73E-04,1.85E-01
566,210423_s_at,-5.56380357,1.87E-04,1.99E-01
889,222162_s_at,-5.578341036,8.55E-05,9.63E-02
1025,226847_at,-5.587772857,1.47E-04,1.59E-01
186,204222_s_at,-5.606665812,4.59E-06,5.99E-03
1224,230836_at,-5.617205745,2.78E-05,3.33E-02
710,214927_at,-5.635627328,1.87E-04,1.99E-01
704,214770_at,-5.638915779,2.09E-04,2.21E-01
962,225045_at,-5.650865845,8.39E-05,9.47E-02
769,217889_s_at,-5.652530121,6.43E-06,8.30E-03
895,222486_s_at,-5.654270625,1.62E-04,1.74E-01
673,213993_at,-5.654839333,1.81E-05,2.22E-02
635,213241_at,-5.665614638,2.93E-05,3.49E-02
257,204938_s_at,-5.6663686,1.79E-04,1.91E-01
259,204940_at,-5.700644407,1.39E-04,1.51E-01
1197,230130_at,-5.720283505,2.07E-05,2.52E-02
338,205713_s_at,-5.736944457,1.88E-04,2.00E-01
1069,227623_at,-5.741000528,1.14E-04,1.26E-01
465,207426_s_at,-5.741047247,8.88E-05,9.95E-02
147,203561_at,-5.745614689,4.73E-05,5.52E-02
371,205991_s_at,-5.752652308,3.68E-05,4.34E-02
258,204939_s_at,-5.764577312,1.23E-04,1.34E-01
1104,228224_at,-5.767655597,1.75E-04,1.88E-01
833,220014_at,-5.782965357,7.33E-05,8.33E-02
1219,230746_s_at,-5.811385694,2.71E-06,3.59E-03
632,213135_at,-5.834616946,7.72E-06,9.89E-03
622,212865_s_at,-5.842370431,5.98E-05,6.86E-02
581,210889_s_at,-5.848960069,8.34E-05,9.42E-02
582,210895_s_at,-5.852523624,7.95E-05,9.00E-02
348,205802_at,-5.87023984,9.22E-05,1.03E-01
493,209242_at,-5.87376051,1.09E-04,1.20E-01
174,204007_at,-5.876978595,5.64E-05,6.51E-02
674,213994_s_at,-5.892239676,1.65E-06,2.22E-03
1,1552309_a_at,-5.904690315,8.94E-05,1.00E-01
627,213071_at,-5.910273511,1.45E-04,1.57E-01
1286,233364_s_at,-5.910862445,1.40E-04,1.53E-01
1354,236600_at,-5.915707182,1.51E-04,1.63E-01
262,204963_at,-5.930873533,3.94E-05,4.62E-02
1101,228141_at,-5.93293486,5.63E-06,7.29E-03
197,204337_at,-5.943767589,8.04E-06,1.02E-02
314,205499_at,-5.949625574,1.26E-06,1.71E-03
730,215440_s_at,-5.981975936,5.67E-05,6.54E-02
797,219434_at,-5.985182392,3.36E-05,3.98E-02
1217,230730_at,-6.00000519,1.15E-04,1.26E-01
775,218469_at,-6.005928615,7.20E-06,9.24E-03
1334,235944_at,-6.035175047,5.87E-05,6.75E-02
989,226103_at,-6.049798733,5.44E-05,6.30E-02
1380,238447_at,-6.057431719,9.56E-06,1.21E-02
804,219631_at,-6.064600673,5.64E-06,7.30E-03
882,221900_at,-6.075049539,1.21E-04,1.32E-01
31,1554741_s_at,-6.076039663,4.12E-05,4.83E-02
261,204959_at,-6.097733848,2.69E-05,3.23E-02
282,205206_at,-6.110341506,8.02E-06,1.02E-02
975,225688_s_at,-6.112856527,1.17E-05,1.46E-02
265,205003_at,-6.123786856,4.55E-06,5.94E-03
297,205330_at,-6.127454351,2.74E-05,3.29E-02
905,222880_at,-6.139339426,7.26E-05,8.25E-02
64,1559477_s_at,-6.143872506,4.71E-05,5.50E-02
1218,230741_at,-6.159505951,5.13E-05,5.97E-02
612,212607_at,-6.161455163,2.83E-05,3.38E-02
818,219892_at,-6.167715901,7.94E-05,8.99E-02
1306,235182_at,-6.169253362,5.19E-05,6.02E-02
995,226225_at,-6.175222303,2.86E-05,3.41E-02
175,204030_s_at,-6.208060198,2.43E-05,2.94E-02
260,204955_at,-6.216694545,2.67E-05,3.21E-02
1077,227705_at,-6.220356695,5.25E-05,6.08E-02
965,225285_at,-6.230852103,2.18E-05,2.66E-02
702,214761_at,-6.240847647,1.74E-05,2.14E-02
250,204894_s_at,-6.243484753,2.65E-05,3.19E-02
1207,230482_at,-6.252120061,8.90E-05,9.97E-02
884,221933_at,-6.252663486,8.76E-05,9.85E-02
285,205226_at,-6.259681726,5.97E-05,6.86E-02
802,219607_s_at,-6.264128647,6.06E-06,7.83E-03
1142,228974_at,-6.269301048,9.11E-05,1.02E-01
495,209283_at,-6.273921304,6.05E-05,6.93E-02
892,222288_at,-6.282337739,5.72E-06,7.39E-03
698,214587_at,-6.292714112,9.00E-05,1.01E-01
1385,238617_at,-6.299215104,1.33E-05,1.65E-02
142,203382_s_at,-6.324501765,3.76E-05,4.43E-02
623,212950_at,-6.327815349,4.53E-06,5.91E-03
1137,228850_s_at,-6.331780295,1.19E-05,1.49E-02
148,203570_at,-6.33990166,1.06E-05,1.34E-02
615,212681_at,-6.361473974,4.30E-07,5.96E-04
774,218468_s_at,-6.364348775,2.04E-06,2.74E-03
598,211668_s_at,-6.368278983,1.05E-05,1.33E-02
430,206710_s_at,-6.369660007,3.91E-07,5.43E-04
231,204688_at,-6.384328859,1.30E-05,1.61E-02
451,207191_s_at,-6.39072539,2.02E-05,2.46E-02
771,217967_s_at,-6.399249848,1.97E-05,2.40E-02
791,219228_at,-6.402920684,3.89E-05,4.58E-02
829,219985_at,-6.421953885,5.70E-05,6.57E-02
291,205269_at,-6.423012478,1.15E-06,1.56E-03
735,215617_at,-6.424088815,5.79E-05,6.66E-02
961,225021_at,-6.475088508,2.14E-06,2.86E-03
1149,229127_at,-6.485476364,2.94E-05,3.50E-02
1172,229584_at,-6.496435938,2.27E-05,2.75E-02
1338,236044_at,-6.498286952,4.94E-05,5.75E-02
593,211555_s_at,-6.501264764,2.39E-05,2.90E-02
27,1554474_a_at,-6.507041858,1.38E-05,1.71E-02
655,213764_s_at,-6.524240656,7.67E-05,8.70E-02
911,223343_at,-6.538398093,4.16E-06,5.46E-03
1031,226997_at,-6.542892801,8.29E-06,1.05E-02
1071,227646_at,-6.561064654,2.72E-05,3.26E-02
289,205249_at,-6.571478864,5.55E-06,7.20E-03
568,210517_s_at,-6.582679218,7.22E-07,9.95E-04
755,216950_s_at,-6.583329946,2.43E-05,2.94E-02
1014,226677_at,-6.585124739,7.40E-06,9.48E-03
321,205529_s_at,-6.605972576,2.67E-05,3.21E-02
537,209949_at,-6.606059865,5.41E-06,7.01E-03
431,206715_at,-6.624905757,3.03E-05,3.60E-02
1010,226612_at,-6.631412071,5.18E-05,6.02E-02
118,202498_s_at,-6.640472409,1.64E-05,2.01E-02
1254,232113_at,-6.65403479,2.81E-05,3.36E-02
242,204787_at,-6.661682982,1.40E-05,1.73E-02
795,219386_s_at,-6.673864692,1.15E-05,1.44E-02
604,212233_at,-6.686006434,1.25E-05,1.56E-02
1421,241473_at,-6.686627407,1.29E-05,1.60E-02
505,209524_at,-6.736902952,1.28E-05,1.60E-02
1169,229554_at,-6.744370094,1.40E-05,1.73E-02
1152,229218_at,-6.746604316,1.57E-06,2.12E-03
888,222088_s_at,-6.767973123,6.49E-06,8.37E-03
878,221748_s_at,-6.77023146,5.25E-06,6.81E-03
194,204298_s_at,-6.773026349,1.45E-05,1.79E-02
1257,232204_at,-6.798094545,2.79E-05,3.33E-02
327,205568_at,-6.802444729,1.39E-06,1.88E-03
1332,235821_at,-6.804943143,2.21E-05,2.69E-02
751,216598_s_at,-6.809913895,7.85E-06,1.00E-02
435,206796_at,-6.842571949,1.91E-05,2.34E-02
105,202133_at,-6.863373302,1.59E-06,2.14E-03
1132,228739_at,-6.885458911,2.93E-05,3.49E-02
1016,226695_at,-6.897338026,4.84E-07,6.71E-04
1161,229357_at,-6.902625002,6.78E-06,8.73E-03
993,226152_at,-6.909172728,6.71E-06,8.65E-03
988,226084_at,-6.909887602,3.60E-06,4.73E-03
633,213139_at,-6.930335545,2.46E-06,3.28E-03
1216,230722_at,-6.93866382,2.00E-05,2.44E-02
337,205700_at,-6.940396388,2.30E-05,2.78E-02
1244,231842_at,-6.953591113,1.70E-05,2.08E-02
1475,244741_s_at,-6.955441184,2.15E-05,2.62E-02
111,202311_s_at,-6.985107013,8.45E-08,1.20E-04
1386,238623_at,-6.989585139,9.66E-06,1.22E-02
5,1552508_at,-7.011860649,3.32E-05,3.93E-02
1119,228481_at,-7.027501533,1.06E-05,1.34E-02
531,209897_s_at,-7.035023423,1.31E-06,1.78E-03
811,219773_at,-7.040309883,1.67E-05,2.06E-02
344,205786_s_at,-7.04404108,1.07E-05,1.35E-02
1136,228827_at,-7.045691251,7.98E-06,1.02E-02
576,210809_s_at,-7.066510383,5.67E-08,8.10E-05
822,219935_at,-7.076346345,3.56E-06,4.68E-03
686,214212_x_at,-7.093211597,1.61E-05,1.99E-02
838,220092_s_at,-7.096227767,2.81E-05,3.36E-02
516,209687_at,-7.109289979,3.15E-06,4.15E-03
916,223475_at,-7.118547873,7.60E-06,9.73E-03
1345,236297_at,-7.130061305,4.31E-06,5.64E-03
1019,226769_at,-7.136048035,2.91E-06,3.84E-03
1186,229802_at,-7.152961593,1.05E-06,1.43E-03
1013,226676_at,-7.161668078,8.24E-07,1.13E-03
422,206584_at,-7.175140346,1.96E-07,2.75E-04
144,203477_at,-7.182282257,1.38E-07,1.95E-04
87,201058_s_at,-7.19372359,3.00E-06,3.96E-03
626,213068_at,-7.201855608,1.01E-05,1.27E-02
110,202291_s_at,-7.203382645,2.46E-06,3.28E-03
1153,229225_at,-7.214638378,1.26E-05,1.57E-02
981,225946_at,-7.237686827,9.07E-06,1.15E-02
968,225442_at,-7.238354507,6.95E-06,8.94E-03
1325,235723_at,-7.246883435,1.96E-05,2.39E-02
974,225681_at,-7.247394528,4.18E-08,6.01E-05
656,213765_at,-7.263664142,3.26E-05,3.87E-02
97,201617_x_at,-7.276611494,1.14E-06,1.55E-03
90,201147_s_at,-7.284252602,2.06E-06,2.76E-03
986,226069_at,-7.308447801,2.58E-05,3.11E-02
657,213790_at,-7.326452702,1.53E-05,1.89E-02
610,212489_at,-7.340122024,1.89E-07,2.65E-04
520,209758_s_at,-7.342403905,2.24E-05,2.72E-02
731,215446_s_at,-7.359350455,9.40E-07,1.29E-03
180,204069_at,-7.360251825,2.52E-06,3.34E-03
973,225651_at,-7.369512966,9.55E-08,1.35E-04
538,209955_s_at,-7.376038182,7.86E-08,1.12E-04
776,218502_s_at,-7.384172256,1.01E-07,1.43E-04
326,205559_s_at,-7.384295122,1.00E-07,1.42E-04
746,216321_s_at,-7.421857857,4.33E-07,6.01E-04
1341,236179_at,-7.444022734,1.43E-07,2.02E-04
898,222719_s_at,-7.454287687,6.75E-06,8.69E-03
217,204557_s_at,-7.47079078,1.29E-05,1.60E-02
1180,229669_at,-7.502999494,8.56E-06,1.09E-02
43,1555778_a_at,-7.504664695,2.23E-08,3.23E-05
1022,226804_at,-7.533559389,1.17E-05,1.46E-02
129,202952_s_at,-7.539491329,9.63E-06,1.22E-02
594,211564_s_at,-7.550377125,4.18E-06,5.47E-03
1126,228640_at,-7.568536552,8.46E-07,1.16E-03
869,221276_s_at,-7.594691112,4.37E-06,5.71E-03
637,213316_at,-7.599933581,4.89E-06,6.36E-03
1006,226517_at,-7.601796441,6.80E-07,9.38E-04
605,212262_at,-7.627552675,1.02E-06,1.39E-03
514,209656_s_at,-7.639666817,1.18E-07,1.66E-04
567,210511_s_at,-7.642939222,1.65E-06,2.23E-03
1381,238455_at,-7.655469649,6.47E-07,8.95E-04
239,204749_at,-7.656088759,1.22E-05,1.53E-02
179,204052_s_at,-7.666472627,8.85E-06,1.12E-02
491,209209_s_at,-7.688994675,3.65E-06,4.79E-03
1011,226621_at,-7.693574176,3.36E-06,4.42E-03
630,213122_at,-7.699630296,7.89E-06,1.01E-02
1476,244885_at,-7.723850292,7.35E-06,9.43E-03
196,204320_at,-7.798981708,1.14E-06,1.55E-03
1053,227399_at,-7.860273411,2.54E-06,3.37E-03
479,208131_s_at,-7.873643844,2.25E-06,3.00E-03
660,213800_at,-7.887181027,6.39E-07,8.84E-04
374,206025_s_at,-7.966191788,1.40E-07,1.98E-04
951,224396_s_at,-7.971101901,1.80E-06,2.41E-03
1243,231841_s_at,-7.979175946,2.77E-06,3.66E-03
787,219087_at,-7.98018683,1.76E-07,2.47E-04
642,213429_at,-8.010597691,2.03E-07,2.85E-04
1001,226311_at,-8.017763094,4.62E-08,6.63E-05
671,213943_at,-8.045775713,4.62E-08,6.63E-05
151,203645_s_at,-8.052724171,1.45E-07,2.04E-04
1383,238478_at,-8.068449534,3.16E-06,4.16E-03
978,225790_at,-8.070178773,3.89E-06,5.10E-03
1039,227140_at,-8.071339816,4.65E-08,6.67E-05
611,212526_at,-8.078342398,4.71E-06,6.13E-03
381,206101_at,-8.086719109,2.60E-06,3.44E-03
115,202435_s_at,-8.09142844,8.45E-06,1.07E-02
1002,226425_at,-8.106413185,2.95E-06,3.89E-03
93,201431_s_at,-8.128973889,6.91E-09,1.01E-05
717,215049_x_at,-8.151800337,3.68E-07,5.12E-04
37,1555229_a_at,-8.16452569,1.17E-07,1.65E-04
977,225782_at,-8.170382272,2.88E-07,4.02E-04
763,217428_s_at,-8.194190097,1.12E-06,1.53E-03
492,209210_s_at,-8.207838451,2.35E-07,3.28E-04
1478,37512_at,-8.214334977,2.45E-06,3.27E-03
163,203887_s_at,-8.217639873,1.32E-06,1.79E-03
375,206026_s_at,-8.236078954,1.94E-08,2.81E-05
215,204527_at,-8.242252941,2.75E-07,3.84E-04
1384,238481_at,-8.256079776,9.43E-07,1.29E-03
1479,37892_at,-8.266866956,3.17E-07,4.42E-04
226,204646_at,-8.266931846,4.99E-09,7.31E-06
364,205941_s_at,-8.267272489,1.01E-06,1.38E-03
211,204464_s_at,-8.270178433,4.47E-08,6.42E-05
1036,227070_at,-8.271514605,9.82E-09,1.43E-05
778,218694_at,-8.283701756,1.33E-06,1.80E-03
456,207233_s_at,-8.345484708,2.39E-06,3.19E-03
136,203083_at,-8.3513725,1.53E-08,2.22E-05
277,205168_at,-8.354538493,2.08E-06,2.79E-03
1109,228333_at,-8.36171984,1.52E-06,2.06E-03
206,204438_at,-8.380524274,2.50E-08,3.61E-05
863,221019_s_at,-8.380691735,2.80E-06,3.70E-03
305,205407_at,-8.409342134,1.07E-06,1.46E-03
996,226237_at,-8.448213315,1.22E-08,1.77E-05
894,222379_at,-8.456552378,2.83E-06,3.74E-03
210,204463_s_at,-8.460645001,2.41E-08,3.48E-05
149,203603_s_at,-8.467063362,1.54E-07,2.17E-04
224,204619_s_at,-8.485050088,2.78E-08,4.01E-05
117,202437_s_at,-8.495650449,2.03E-06,2.73E-03
862,220979_s_at,-8.520800571,2.45E-06,3.26E-03
667,213905_x_at,-8.556219099,1.12E-08,1.63E-05
985,226066_at,-8.557115415,8.32E-07,1.14E-03
86,200986_at,-8.594023811,3.57E-07,4.97E-04
697,214511_x_at,-8.601762511,1.27E-06,1.72E-03
1066,227566_at,-8.642680186,1.09E-08,1.59E-05
736,215646_s_at,-8.670768934,9.09E-09,1.33E-05
631,213125_at,-8.679440262,7.42E-08,1.05E-04
877,221730_at,-8.723901304,6.95E-09,1.02E-05
1164,229459_at,-8.770160444,2.04E-07,2.87E-04
904,222877_at,-8.817317419,6.51E-07,8.99E-04
595,211571_s_at,-8.855293818,1.64E-08,2.37E-05
123,202765_s_at,-8.85707045,3.76E-07,5.23E-04
613,212636_at,-8.862202909,6.47E-08,9.23E-05
812,219778_at,-8.901592337,4.14E-07,5.76E-04
606,212344_at,-8.901814215,6.26E-08,8.94E-05
1240,231766_s_at,-8.938636013,3.13E-09,4.60E-06
99,201842_s_at,-8.949931165,1.92E-08,2.78E-05
92,201430_s_at,-8.963159801,1.21E-09,1.78E-06
1245,231879_at,-8.978952155,3.78E-09,5.55E-06
1313,235371_at,-9.002410972,2.70E-09,3.98E-06
607,212353_at,-9.151877572,2.79E-09,4.10E-06
847,220272_at,-9.162660619,5.01E-07,6.93E-04
1020,226777_at,-9.247742567,1.07E-08,1.55E-05
1265,232458_at,-9.249020771,3.63E-09,5.34E-06
178,204051_s_at,-9.27521408,2.84E-08,4.08E-05
596,211597_s_at,-9.28716144,7.72E-09,1.13E-05
1024,226834_at,-9.319589102,5.68E-08,8.12E-05
969,225464_at,-9.38602128,5.42E-08,7.76E-05
909,223121_s_at,-9.428148157,7.07E-08,1.01E-04
499,209335_at,-9.433294319,1.08E-08,1.58E-05
967,225381_at,-9.488715066,4.89E-07,6.77E-04
1097,228080_at,-9.523272962,2.33E-07,3.27E-04
1312,235318_at,-9.542833982,2.06E-07,2.88E-04
982,225968_at,-9.56891098,8.93E-08,1.27E-04
1034,227059_at,-9.586120512,2.01E-08,2.91E-05
339,205729_at,-9.629282645,7.73E-07,1.06E-03
1463,243864_at,-9.630250157,6.70E-07,9.24E-04
133,202995_s_at,-9.669577379,4.62E-09,6.78E-06
1035,227061_at,-9.715290111,7.40E-08,1.05E-04
1052,227376_at,-9.719811966,5.04E-08,7.21E-05
199,204359_at,-9.744845147,6.57E-09,9.61E-06
910,223122_s_at,-9.778745628,3.88E-10,5.73E-07
112,202363_at,-9.790113254,1.77E-08,2.56E-05
970,225481_at,-9.810654363,7.09E-09,1.03E-05
116,202436_s_at,-9.817137521,7.66E-07,1.05E-03
535,209946_at,-9.986585094,7.44E-08,1.06E-04
124,202766_s_at,-10.07033295,2.72E-10,4.02E-07
640,213413_at,-10.14343704,3.82E-09,5.60E-06
100,201843_s_at,-10.16032016,5.93E-09,8.68E-06
707,214844_s_at,-10.25873899,2.43E-09,3.58E-06
153,203695_s_at,-10.38639847,2.45E-08,3.53E-05
1030,226930_at,-10.70792668,2.35E-10,3.48E-07
356,205880_at,-10.87314889,1.36E-08,1.98E-05
964,225242_s_at,-11.61158035,7.26E-11,1.07E-07
209,204457_s_at,-12.31880504,3.01E-11,4.45E-08
271,205100_at,-13.1448119,4.83E-10,7.12E-07
